target_smiles,ref_smiles,target_diff,ref_diff
NCCNCCNCCNCCN,NCCNCCNCCN,"([('Amine', 1, [(0,)])], [('C2 alkane', 1, [(1, 2)])])","([], [])"
C#C[C@]1(O)CC[C@H]2[C@@H]3CCC4=CCCC[C@@H]4[C@H]3C(=C)C[C@@]21CC,C#C[C@]1(O)CCC2C3CCC4=CC(=O)CCC4C3C(=C)CC21CC,"([], [('C1 alkane', 1, [(13,)])])","([('Ketone', 1, [(12, 13)])], [])"
C#C[C@]1(O)CCC2C3CCC4=CC(=O)CCC4C3C(=C)CC21CC,C#C[C@]1(O)CCC2C3CCC4=CC(=O)CCC4C3C(=C)CC21CC.C#C[C@]1(O)CC[C@H]2[C@@H]3CCc4cc(O)ccc4[C@H]3CC[C@@]21C,"([], [])","([('Alkyne', 1, [(24, 25)]), ('Hydroxy', 1, [(27,)]), ('Phenol', 1, [(37,)]), ('Benzene', 1, [(34, 35, 36, 38, 39, 40)])], [('C12 alkane', 1, [(26, 28, 29, 30, 31, 32, 33, 41, 42, 43, 44, 45)])])"
C#C[C@]1(O)CCC2C3CCC4=CC(=O)CCC4C3C(=C)CC21CC,C#CC1(O)CCC2C3CCC4=CC(=O)CCC4C3CCC21CC,"([('Alkene', 1, [(18, 19)])], [])","([], [('C1 alkane', 1, [(19,)])])"
CC1CC2C3CCC4=CC(=O)C=CC4(C)[C@@]3(F)C(O)CC2(C)[C@@]1(O)C(=O)CCl,C[C@H]1C[C@H]2[C@@H]3C[C@H](F)C4=CC(=O)C=C[C@]4(C)[C@@]3(F)[C@@H](O)C[C@]2(C)[C@@]1(O)C(=O)CCl,"([], [])","([('Fluoride', 1, [(7,)])], [])"
CC1CC2C3CCC4=CC(=O)C=CC4(C)[C@@]3(F)C(O)CC2(C)[C@@]1(O)C(=O)CCl,C[C@@H]1C[C@H]2C3CCC4=CC(=O)C=C[C@]4(C)[C@@]3(Cl)[C@@H](O)C[C@]2(C)[C@@]1(O)C(=O)CCl,"([('Fluoride', 1, [(16,)])], [])","([('Chloride', 1, [(16,)])], [])"
CC1CC2C3CCC4=CC(=O)C=CC4(C)[C@@]3(F)C(O)CC2(C)[C@@]1(O)C(=O)CCl,CC1CC2C3CCC4=CC(=O)C=CC4(C)C3(F)C(O)CC2(C)C1(O)C(=O)COP(=O)(O)O,"([('Chloride', 1, [(27,)])], [('C1 alkane', 1, [(26,)])])","([('Phosphoric monoester', 1, [(28, 29, 30, 31, 27, 26)])], [])"
CC1CC2C3CCC4=CC(=O)C=CC4(C)[C@@]3(F)C(O)CC2(C)[C@@]1(O)C(=O)CCl,CC1CC2C3CCC4=CC(=O)C=CC4(C)C3(F)C(O)CC2(C)C1(O)C(=O)CO,"([('Chloride', 1, [(27,)])], [])","([('Hydroxy', 1, [(27,)])], [])"
NC(=O)CCC1NC(=O)C(Cc2ccccc2)NC(=O)C(Cc2ccc(O)cc2)NC(=O)C(N)CSSCC(C(=O)N2CCCC2C(=O)NC(CCCN=C(N)N)C(=O)NCC(N)=O)NC(=O)C(CC(N)=O)NC1=O,NC(=O)CCC1NC(=O)C(Cc2ccccc2)NC(=O)C(Cc2ccc(O)cc2)NC(=O)C(N)CSSCC(C(=O)N2CCCC2C(=O)NC(CCCN=C(N)N)C(=O)NCC(N)=O)NC(=O)C(CC(N)=O)NC1=O.NCCCCC(NC(=O)C1CCCN1C(=O)C1CSSCC(N)C(=O)NC(Cc2ccc(O)cc2)C(=O)NC(Cc2ccccc2)C(=O)NC(CCC(N)=O)C(=O)NC(CC(N)=O)C(=O)N1)C(=O)NCC(N)=O,"([], [])","([('Amine', 2, [(75,), (97,)]), ('Disulfide', 1, [(93, 94)]), ('Amide', 6, [(82, 83, 81), (89, 90, 88), (127, 129, 128), (135, 137, 136), (141, 142, 143), (145, 147, 146)]), ('Lactam', 5, [(98, 99, 100), (110, 111, 112), (121, 122, 123), (130, 131, 132), (138, 139, 140)]), ('Phenol', 1, [(107,)]), ('Benzene', 2, [(103, 104, 105, 106, 108, 109), (115, 116, 117, 118, 119, 120)]), ('pyrrolidine', 1, [(85, 86, 87, 88, 84)])], [('C6 alkane', 1, [(76, 77, 78, 79, 80, 144)]), ('C13 alkane', 1, [(91, 92, 95, 96, 101, 102, 113, 114, 124, 125, 126, 133, 134)])])"
NC(=O)CCC1NC(=O)C(Cc2ccccc2)NC(=O)C(Cc2ccc(O)cc2)NC(=O)C(N)CSSCC(C(=O)N2CCCC2C(=O)NC(CCCN=C(N)N)C(=O)NCC(N)=O)NC(=O)C(CC(N)=O)NC1=O,NC(=O)CCC1NC(=O)C(Cc2ccccc2)NC(=O)C(Cc2ccc(O)cc2)NC(=O)CCSSCC(C(=O)N2CCCC2C(=O)NC(CCCN=C(N)N)C(=O)NCC(N)=O)NC(=O)C(CC(N)=O)NC1=O,"([('Amine', 1, [(33,)])], [])","([], [])"
NC(=O)CCC1NC(=O)C(Cc2ccccc2)NC(=O)C(Cc2ccc(O)cc2)NC(=O)C(N)CSSCC(C(=O)N2CCCC2C(=O)NC(CCCN=C(N)N)C(=O)NCC(N)=O)NC(=O)C(CC(N)=O)NC1=O,CCC(C)C1NC(=O)C(Cc2ccc(O)cc2)NC(=O)C(N)CSSCC(C(=O)N2CCCC2C(=O)NC(CC(C)C)C(=O)NCC(N)=O)NC(=O)C(CC(N)=O)NC(=O)C(C(C)O)NC1=O,"([('Amide', 1, [(1, 2, 0)]), ('Guanidine', 1, [(55, 54, 53, 56)]), ('Benzene', 1, [(11, 12, 13, 14, 15, 16)])], [])","([('Hydroxy', 1, [(63,)])], [('C2 alkane', 1, [(0, 1)]), ('C1 alkane', 2, [(3,), (40,)])])"
NC(=O)CCC1NC(=O)C(Cc2ccccc2)NC(=O)C(Cc2ccc(O)cc2)NC(=O)C(N)CSSCC(C(=O)N2CCCC2C(=O)NC(CCCN=C(N)N)C(=O)NCC(N)=O)NC(=O)C(CC(N)=O)NC1=O,CCC(C)C1NC(=O)C(Cc2ccc(O)cc2)NC(=O)C(N)CSSCC(C(=O)N2CCCC2C(=O)NC(CC(C)C)C(=O)NCC(N)=O)NC(=O)C(CC(N)=O)NC(=O)C(CCC(N)=O)NC1=O,"([('Guanidine', 1, [(55, 54, 53, 56)]), ('Benzene', 1, [(11, 12, 13, 14, 15, 16)])], [])","([], [('C2 alkane', 1, [(0, 1)]), ('C1 alkane', 2, [(3,), (41,)])])"
CC(C)CN(C[C@@H](O)[C@H](Cc1ccccc1)NC(=O)O[C@H]1CO[C@H]2OCC[C@H]21)S(=O)(=O)c1ccc(N)cc1,CC(C)CN(CC(O)C(Cc1ccccc1)NC(=O)OC1CCOC1)S(=O)(=O)c1ccc(N)cc1,"([('Acetal', 1, [(22, 21, 23, 24, 25)]), ('tetrahydrofuran', 1, [(26, 27, 23, 24, 25)])], [])","([], [])"
C[C@H]1C[C@H]2[C@@H]3C[C@H](F)C4=CC(=O)C=C[C@]4(C)[C@@]3(F)[C@@H](O)C[C@]2(C)[C@@]1(O)C(=O)CCl,CC1CC2C3CC(F)C4=CC(=O)C=CC4(C)C3(F)C(O)CC2(C)C1(O)C(=O)CO,"([('Chloride', 1, [(28,)])], [])","([('Hydroxy', 1, [(28,)])], [])"
C#C[C@]1(O)CC[C@H]2[C@@H]3CCC4=CC(=O)CC[C@@H]4[C@H]3CC[C@@]21CC.C#C[C@]1(O)CC[C@H]2[C@@H]3CCc4cc(O)ccc4[C@H]3CC[C@@]21C,C#C[C@]1(O)CCC2C3CCC4=CC(=O)CCC4C3C(=C)CC21CC.C#C[C@]1(O)CC[C@H]2[C@@H]3CCc4cc(O)ccc4[C@H]3CC[C@@]21C,"([], [('C1 alkane', 1, [(18,)])])","([('Alkene', 1, [(18, 19)])], [])"
C#C[C@]1(O)CC[C@H]2[C@@H]3CCC4=CC(=O)CC[C@@H]4[C@H]3CC[C@@]21CC.C#C[C@]1(O)CC[C@H]2[C@@H]3CCc4cc(O)ccc4[C@H]3CC[C@@]21C,C#CC1(O)CCC2C3CCC4=CC(=O)CCC4C3CCC21CC,"([('Alkyne', 1, [(23, 24)]), ('Hydroxy', 1, [(26,)]), ('Phenol', 1, [(36,)]), ('Benzene', 1, [(33, 34, 35, 37, 38, 39)])], [('C12 alkane', 1, [(25, 27, 28, 29, 30, 31, 32, 40, 41, 42, 43, 44)])])","([], [])"
CCCCC(=O)O[C@]1(C(=O)CO)[C@@H](C)C[C@H]2[C@@H]3CCC4=CC(=O)C=C[C@]4(C)[C@@]3(F)[C@@H](O)C[C@@]21C,CCC(=O)OC1(C(=O)CCl)C(C)CC2C3CCC4=CC(=O)C=CC4(C)C3(F)C(O)CC21C,"([('Hydroxy', 1, [(11,)])], [('C2 alkane', 1, [(0, 1)])])","([('Chloride', 1, [(9,)])], [])"
CCCCC(=O)O[C@]1(C(=O)CO)[C@@H](C)C[C@H]2[C@@H]3CCC4=CC(=O)C=C[C@]4(C)[C@@]3(F)[C@@H](O)C[C@@]21C,CCC(=O)O[C@]1(C(=O)CO)[C@@H](C)C[C@H]2[C@@H]3CCC4=CC(=O)C=C[C@]4(C)[C@@]3(Cl)[C@@H](O)C[C@@]21C,"([('Fluoride', 1, [(28,)])], [('C2 alkane', 1, [(0, 1)])])","([('Chloride', 1, [(26,)])], [])"
CCCCCC(O)C=CC1C(O)CC(O)C1CC=CCCCC(=O)O,CCCCC[C@H](O)C=C[C@@H]1[C@@H](CC=CCCCC(=O)O)[C@@H](O)C[C@H]1O.NC(CO)(CO)CO,"([], [])","([('Hydroxy', 3, [(28,), (30,), (32,)]), ('Amine', 1, [(25,)])], [('C4 alkane', 1, [(26, 27, 29, 31)])])"
CC(CCC(=O)O)C1CCC2C3C(O)CC4CC(O)CCC4(C)C3CC(O)C12C,CC(CCC(=O)O)C1CCC2C3C(O)CC4CC(O)CCC4(C)C3CCC12C,"([('Hydroxy', 1, [(26,)])], [])","([], [])"
CC12CCC3c4ccc(O)cc4CCC3C1CCC2O,CC12CCC3c4ccc(O)cc4CCC3C1CC(O)C2O,"([('Hydroxy', 1, [(19,)])], [('C2 alkane', 1, [(17, 18)])])","([('1,2-Diol', 1, [(18, 17, 19, 20)])], [])"
Cc1nc2n(c(=O)c1CCN1CCC(c3noc4cc(F)ccc34)CC1)CCCC2O,Cc1nc2n(c(=O)c1CCN1CCC(c3noc4cc(F)ccc34)CC1)CCCC2,"([('Hydroxy', 1, [(30,)])], [])","([], [])"
NCCCCCC(=O)O,O=C(O)CCCCCCCC(=O)O,"([('Amine', 1, [(0,)])], [])","([('Carboxylic acid', 1, [(1, 0, 2)])], [('C2 alkane', 1, [(3, 4)])])"
CNc1ccc(/C=C/c2ccc(OCCOCCOCC[18F])nc2)cc1,CNc1ccc(/C=C/c2ccc(OCCOCCOCC[18F])cc2)cc1,"([('pyridine', 1, [(9, 8, 23, 22, 11, 10)])], [])","([('Benzene', 1, [(8, 9, 10, 11, 22, 23)])], [])"
C[N+](C)(C)CCO.Cn1c(=O)c2[nH]cnc2n(C)c1=O,Cn1c(=O)c2[nH]cnc2n(C)c1=O,"([('Hydroxy', 1, [(6,)]), ('Ammonium', 1, [(1,)])], [('C1 alkane', 3, [(0,), (2,), (3,)]), ('C2 alkane', 1, [(4, 5)])])","([], [])"
OCCOc1ccc(C(=C(CCCl)c2ccccc2)c2ccccc2)cc1,CN(C)CCOc1ccc(C(=C(CCCl)c2ccccc2)c2ccccc2)cc1,"([('Hydroxy', 1, [(0,)])], [])","([('Amine', 1, [(1,)])], [('C1 alkane', 2, [(0,), (2,)])])"
CC12CCC3c4ccc(O)cc4CCC3C1CCC2=O,CC12CCC3c4ccc(OS(=O)(=O)O)cc4CCC3C1CCC2=O,"([('Phenol', 1, [(9,)])], [])","([('Sulfuric monoester', 1, [(10, 11, 12, 13, 9, 8)])], [])"
CC12CCC3c4ccc(OS(=O)(=O)O)cc4CCC3C1CCC2=O,C1CNCCN1.CC12CC[C@@H]3c4ccc(OS(=O)(=O)O)cc4CCC3[C@@H]1CCC2=O,"([], [])","([('piperazine', 1, [(0, 1, 2, 3, 4, 5)])], [])"
C[C@]12CC[C@@H]3c4ccc(O)cc4CC[C@H]3[C@@H]1CC[C@@H]2O.C[C@]12CC[C@@H]3c4ccc(O)cc4CC[C@H]3[C@@H]1C[C@@H](O)[C@@H]2O,CC12CCC3c4ccc(O)cc4CCC3C1CC(O)C2O,"([('Hydroxy', 1, [(19,)]), ('Phenol', 1, [(9,)]), ('Benzene', 1, [(5, 6, 7, 8, 10, 11)])], [('C12 alkane', 1, [(0, 1, 2, 3, 4, 12, 13, 14, 15, 16, 17, 18)])])","([], [])"
C[C@@H]1C[C@H]2C3CCC4=CC(=O)C=C[C@]4(C)[C@@]3(Cl)[C@@H](O)C[C@]2(C)[C@@]1(O)C(=O)CCl,CC1CC2C3CCC4=CC(=O)C=CC4(C)C3(Cl)C(O)CC2(C)C1(O)C(=O)CO,"([('Chloride', 1, [(27,)])], [])","([('Hydroxy', 1, [(27,)])], [])"
NC(Cc1cc(I)c(Oc2cc(I)c(O)c(I)c2)c(I)c1)C(=O)O,NC(Cc1cc(I)c(Oc2ccc(O)c(I)c2)c(I)c1)C(=O)O,"([('Aryliodide', 1, [(16,)])], [])","([], [])"
CCNC(=NCCCC[C@H](NC(=O)[C@H](CC(C)C)NC(=O)[C@@H](CCCCN=C(NCC)NCC)NC(=O)[C@H](Cc1ccc(O)cc1)NC(=O)[C@H](CO)NC(=O)[C@@H](Cc1cccnc1)NC(=O)[C@@H](Cc1ccc(Cl)cc1)NC(=O)[C@@H](Cc1ccc2ccccc2c1)NC(C)=O)C(=O)N1CCC[C@H]1C(=O)N[C@H](C)C(N)=O)NCC,CC(=O)N[C@H](Cc1ccc2ccccc2c1)C(=O)N[C@H](Cc1ccc(Cl)cc1)C(=O)N[C@H](Cc1cccnc1)C(=O)N[C@@H](CO)C(=O)N(C)[C@@H](Cc1ccc(O)cc1)C(=O)N[C@H](CC(N)=O)C(=O)N[C@@H](CC(C)C)C(=O)N[C@@H](CCCCNC(C)C)C(=O)N1CCC[C@H]1C(=O)N[C@H](C)C(N)=O,"([('Guanidine', 2, [(2, 3, 4, 109), (28, 27, 26, 31)])], [('C2 alkane', 4, [(0, 1), (29, 30), (32, 33), (110, 111)])])","([('Amine', 1, [(82,)]), ('Amide', 1, [(63, 65, 64)])], [('C1 alkane', 1, [(48,)])])"
CCNC(=NCCCC[C@H](NC(=O)[C@H](CC(C)C)NC(=O)[C@@H](CCCCN=C(NCC)NCC)NC(=O)[C@H](Cc1ccc(O)cc1)NC(=O)[C@H](CO)NC(=O)[C@@H](Cc1cccnc1)NC(=O)[C@@H](Cc1ccc(Cl)cc1)NC(=O)[C@@H](Cc1ccc2ccccc2c1)NC(C)=O)C(=O)N1CCC[C@H]1C(=O)N[C@H](C)C(N)=O)NCC,CC(=O)N[C@H](Cc1ccc2ccccc2c1)C(=O)N[C@H](Cc1ccc(Cl)cc1)C(=O)N[C@H](Cc1cccnc1)C(=O)N[C@@H](CO)C(=O)N[C@@H](Cc1ccc(O)cc1)C(=O)N[C@H](CCCNC(N)=O)C(=O)N[C@@H](CC(C)C)C(=O)N[C@@H](CCCN=C(N)N)C(=O)N1CCC[C@H]1C(=O)N[C@H](C)C(N)=O.O=C(O)C(F)(F)F,"([('Guanidine', 1, [(2, 3, 4, 109)])], [('C2 alkane', 3, [(0, 1), (32, 33), (110, 111)]), ('C1 alkane', 2, [(5,), (25,)])])","([('Carboxylic acid', 1, [(103, 102, 104)]), ('Urea', 1, [(64, 65, 67, 66)]), ('Trifluoromethyl', 1, [(106, 105, 107, 108)])], [])"
C=CC1=C(C(=O)O)N2C(=O)[C@@H](NC(=O)C(=NO)c3csc(N)n3)[C@H]2SC1,C=CC1=C(C(=O)O)N2C(=O)C(NC(=O)C(=NOCC(=O)O)c3csc(N)n3)C2SC1,"([('Oxime', 1, [(15, 14, 16)])], [])","([('Oximether', 1, [(15, 14, 16, 17)]), ('Carboxylic acid', 1, [(18, 19, 20)])], [])"
CC(C=CC1=C(C)CCCC1(C)C)=CC=CC(C)=CCO,CC(C=CC1=C(C)CCCC1(C)C)=CC=CC(C)=CC(=O)O,"([('Hydroxy', 1, [(20,)])], [('C1 alkane', 1, [(19,)])])","([('Carboxylic acid', 1, [(19, 20, 21)])], [])"
Cc1cn(C2CC(O)C(CO)O2)c(=O)[nH]c1=O,O=c1[nH]c(=O)n(C2CC(O)C(CO)O2)cc1F,"([('thymine', 1, [(0, 1, 2, 3, 12, 13, 14, 15, 16)])], [])","([('Arylfluoride', 1, [(16,)]), ('uracil', 1, [(0, 1, 15, 14, 5, 3, 4, 2)])], [])"
Cc1cn(C2CC(O)C(CO)O2)c(=O)[nH]c1=O,O=c1[nH]c(=O)n(C2CC(O)C(CO)O2)cc1I,"([('thymine', 1, [(0, 1, 2, 3, 12, 13, 14, 15, 16)])], [])","([('Aryliodide', 1, [(16,)]), ('uracil', 1, [(0, 1, 15, 14, 5, 3, 4, 2)])], [])"
Cc1cn(C2CC(O)C(CO)O2)c(=O)[nH]c1=O,Cc1cn(C2CC(N=[N+]=[N-])C(CO)O2)c(=O)[nH]c1=O,"([('Hydroxy', 1, [(7,)])], [])","([('Azide', 1, [(9, 8, 7)])], [])"
CC(=O)N[C@H](Cc1ccc2ccccc2c1)C(=O)N[C@H](Cc1ccc(Cl)cc1)C(=O)N[C@H](Cc1cccnc1)C(=O)N[C@@H](CO)C(=O)N(C)[C@@H](Cc1ccc(O)cc1)C(=O)N[C@H](CC(N)=O)C(=O)N[C@@H](CC(C)C)C(=O)N[C@@H](CCCCNC(C)C)C(=O)N1CCC[C@H]1C(=O)N[C@H](C)C(N)=O,CC(=O)N[C@H](Cc1ccc2ccccc2c1)C(=O)N[C@H](Cc1ccc(Cl)cc1)C(=O)N[C@H](Cc1cccnc1)C(=O)N[C@@H](CO)C(=O)N[C@@H](Cc1ccc(NC(=O)[C@@H]2CC(=O)NC(=O)N2)cc1)C(=O)N[C@H](Cc1ccc(NC(N)=O)cc1)C(=O)N[C@@H](CC(C)C)C(=O)N[C@@H](CCCCNC(C)C)C(=O)N1CCC[C@H]1C(=O)N[C@H](C)C(N)=O,"([('Phenol', 1, [(55,)])], [('C1 alkane', 1, [(48,)])])","([('Lactam', 1, [(59, 60, 61)]), ('Urea', 2, [(61, 62, 63, 64), (76, 77, 79, 78)]), ('Benzene', 1, [(72, 73, 74, 75, 80, 81)])], [('C2 alkane', 1, [(57, 58)])])"
CCCCCCCCCCNCCN[C@@]1(C)C[C@H](O[C@H]2[C@H](Oc3c4cc5cc3Oc3ccc(cc3Cl)[C@@H](O)[C@@H](NC(=O)[C@@H](CC(C)C)NC)C(=O)N[C@@H](CC(N)=O)C(=O)N[C@H]5C(=O)N[C@H]3C(=O)N[C@H](C(=O)N[C@H](C(=O)O)c5cc(O)c(CNCP(=O)(O)O)c(O)c5-c5cc3ccc5O)[C@H](O)c3ccc(c(Cl)c3)O4)O[C@H](CO)[C@@H](O)[C@@H]2O)O[C@@H](C)[C@H]1O,CNC(CC(C)C)C(=O)NC1C(=O)NC(CC(N)=O)C(=O)NC2C(=O)NC3C(=O)NC(C(=O)NC(C(=O)O)c4cc(O)cc(O)c4-c4cc3ccc4O)C(O)c3ccc(c(Cl)c3)Oc3cc2cc(c3OC2OC(CO)C(O)C(O)C2OC2CC(C)(N)C(O)C(C)O2)Oc2ccc(cc2Cl)C1O,"([('Amine', 2, [(10,), (82,)]), ('Phosphonic acid', 1, [(84, 85, 86, 87)])], [('C10 alkane', 1, [(0, 1, 2, 3, 4, 5, 6, 7, 8, 9)]), ('C2 alkane', 1, [(11, 12)]), ('C1 alkane', 2, [(81,), (83,)])])","([], [])"
Cn1c(=O)c2[nH]cnc2n(C)c1=O.Cn1c(=O)c2[nH]cnc2n(C)c1=O.NCCN,Cn1c(=O)c2[nH]cnc2n(C)c1=O,"([('Amine', 2, [(26,), (29,)]), ('uracil', 1, [(3, 2, 4, 8, 9, 11, 12, 1)]), ('purine', 1, [(11, 1, 2, 4, 5, 6, 7, 8, 9)])], [('C1 alkane', 2, [(0,), (10,)]), ('C2 alkane', 1, [(27, 28)])])","([], [])"
C[C@]12C=CC(=O)C=C1[C@@H](F)C[C@H]1[C@@H]3C[C@@H](O)[C@](O)(C(=O)CO)[C@@]3(C)C[C@H](O)[C@@]12F,CC12C=CC(=O)C=C1CCC1C3CC(O)C(O)(C(=O)CO)C3(C)CC(O)C12F,"([('Fluoride', 1, [(9,)])], [])","([], [])"
CCCCC(=O)O[C@]1(C(=O)CO)CCC2C3CCC4=CC(=O)CCC4(C)C3C(O)CC21C,CCCC(=O)OC1(C(=O)CO)CCC2C3CCC4=CC(=O)CCC4(C)C3C(O)CC21C,"([], [('C1 alkane', 1, [(0,)])])","([], [])"
C[C@H](N[C@@H](CCc1ccccc1)C(=O)O)C(=O)N1Cc2ccccc2C[C@H]1C(=O)O,COc1cc2c(cc1OC)CN(C(=O)[C@H](C)N[C@@H](CCc1ccccc1)C(=O)O)[C@H](C(=O)O)C2,"([], [])","([('Ether', 2, [(1,), (8,)])], [('C1 alkane', 2, [(0,), (9,)])])"
CC(=O)C1(O)CCC2C3CCC4=CC(=O)CCC4=C3C(c3ccc(N(C)C)cc3)CC21C,CC#CC1(O)CCC2C3CCC4=CC(=O)CCC4=C3C(c3ccc(N(C)C)cc3)CC21C,"([('Ketone', 1, [(1, 2)])], [])","([('Alkyne', 1, [(1, 2)])], [])"
CCNC(=O)C1CCCN1C(=O)C(CCCN=C(N)N)NC(=O)C(CC(C)C)NC(=O)C(COC(C)(C)C)NC(=O)C(Cc1ccc(O)cc1)NC(=O)C(CO)NC(=O)C(Cc1c[nH]c2ccccc12)NC(=O)C(Cc1cnc[nH]1)NC(=O)C1CCC(=O)N1,CC(C)C[C@H](NC(=O)[C@@H](Cc1ccc2ccccc2c1)NC(=O)[C@H](Cc1ccc(O)cc1)NC(=O)[C@H](CO)NC(=O)[C@H](Cc1c[nH]c2ccccc12)NC(=O)[C@H](Cc1cnc[nH]1)NC(=O)[C@@H]1CCC(=O)N1)C(=O)N[C@@H](CCCN=C(N)N)C(=O)N1CCC[C@H]1C(=O)NCC(N)=O,"([('Ether', 1, [(33,)])], [('C1 alkane', 1, [(0,)]), ('C4 alkane', 1, [(34, 35, 36, 37)])])","([('Amide', 1, [(93, 95, 94)]), ('Benzene', 2, [(10, 11, 12, 13, 18, 19), (13, 14, 15, 16, 17, 18)])], [])"
CCNC(=O)C1CCCN1C(=O)C(CCCN=C(N)N)NC(=O)C(CC(C)C)NC(=O)C(COC(C)(C)C)NC(=O)C(Cc1ccc(O)cc1)NC(=O)C(CO)NC(=O)C(Cc1c[nH]c2ccccc12)NC(=O)C(Cc1cnc[nH]1)NC(=O)C1CCC(=O)N1,CCNC(=O)[C@@H]1CCCN1C(=O)[C@H](CCCN=C(N)N)NC(=O)[C@H](CC(C)C)NC(=O)[C@@H](Cc1cn(Cc2ccccc2)cn1)NC(=O)[C@H](Cc1ccc(O)cc1)NC(=O)[C@H](CO)NC(=O)[C@H](Cc1c[nH]c2ccccc12)NC(=O)[C@H](Cc1cnc[nH]1)NC(=O)[C@@H]1CCC(=O)N1,"([('Ether', 1, [(33,)])], [('C1 alkane', 3, [(35,), (36,), (37,)])])","([('Benzene', 1, [(37, 38, 39, 40, 41, 42)]), ('imidazole', 1, [(33, 34, 35, 43, 44)])], [])"
CCNC(=O)C1CCCN1C(=O)C(CCCN=C(N)N)NC(=O)C(CC(C)C)NC(=O)C(COC(C)(C)C)NC(=O)C(Cc1ccc(O)cc1)NC(=O)C(CO)NC(=O)C(Cc1c[nH]c2ccccc12)NC(=O)C(Cc1cnc[nH]1)NC(=O)C1CCC(=O)N1,CC(C)CC(NC(=O)CNC(=O)C(Cc1ccc(O)cc1)NC(=O)C(CO)NC(=O)C(Cc1c[nH]c2ccccc12)NC(=O)C(Cc1cnc[nH]1)NC(=O)C1CCC(=O)N1)C(=O)NC(CCCN=C(N)N)C(=O)N1CCCC1C(=O)NCC(N)=O,"([('Ether', 1, [(33,)])], [('C1 alkane', 2, [(0,), (32,)]), ('C4 alkane', 1, [(34, 35, 36, 37)])])","([('Amide', 1, [(82, 84, 83)])], [])"
CCNC(=O)C1CCCN1C(=O)C(CCCN=C(N)N)NC(=O)C(CC(C)C)NC(=O)C(COC(C)(C)C)NC(=O)C(Cc1ccc(O)cc1)NC(=O)C(CO)NC(=O)C(Cc1c[nH]c2ccccc12)NC(=O)C(Cc1cnc[nH]1)NC(=O)C1CCC(=O)N1,CCNC(=O)C1CCCN1C(=O)C(CCCN=C(N)N)NC(=O)C(CC(C)C)NC(=O)C(CC(C)C)NC(=O)C(Cc1ccc(O)cc1)NC(=O)C(CO)NC(=O)C(Cc1c[nH]c2ccccc12)NC(=O)C(Cc1cnc[nH]1)NC(=O)C1CCC(=O)N1,"([('Ether', 1, [(33,)])], [('C1 alkane', 1, [(35,)])])","([], [])"
CCNC(=O)C1CCCN1C(=O)C(CCCN=C(N)N)NC(=O)C(CC(C)C)NC(=O)C(COC(C)(C)C)NC(=O)C(Cc1ccc(O)cc1)NC(=O)C(CO)NC(=O)C(Cc1c[nH]c2ccccc12)NC(=O)C(Cc1cnc[nH]1)NC(=O)C1CCC(=O)N1,CC(C)CC(NC(=O)C(COC(C)(C)C)NC(=O)C(Cc1ccc(O)cc1)NC(=O)C(CO)NC(=O)C(Cc1c[nH]c2ccccc12)NC(=O)C(Cc1cnc[nH]1)NC(=O)C1CCC(=O)N1)C(=O)NC(CCCN=C(N)N)C(=O)N1CCCC1C(=O)NNC(N)=O,"([], [('C2 alkane', 1, [(0, 1)])])","([('Semicarbazide', 1, [(86, 87, 88, 89, 90)])], [])"
CCNC(=O)C1CCCN1C(=O)C(CCCN=C(N)N)NC(=O)C(CC(C)C)NC(=O)C(COC(C)(C)C)NC(=O)C(Cc1ccc(O)cc1)NC(=O)C(CO)NC(=O)C(Cc1c[nH]c2ccccc12)NC(=O)C(Cc1cnc[nH]1)NC(=O)C1CCC(=O)N1,CC(C)C[C@H](NC(=O)[C@@H](Cc1c[nH]c2ccccc12)NC(=O)[C@H](Cc1ccc(O)cc1)NC(=O)[C@H](CO)NC(=O)[C@H](Cc1c[nH]c2ccccc12)NC(=O)[C@H](Cc1cnc[nH]1)NC(=O)[C@@H]1CCC(=O)N1)C(=O)N[C@@H](CCCN=C(N)N)C(=O)N1CCC[C@H]1C(=O)NCC(N)=O,"([('Ether', 1, [(33,)])], [('C1 alkane', 1, [(0,)]), ('C4 alkane', 1, [(34, 35, 36, 37)])])","([('Amide', 1, [(92, 94, 93)]), ('1H-indole', 1, [(16, 15, 14, 13, 12, 11, 10, 18, 17)])], [])"
COc1cccc2c1C(=O)c1c(O)c3c(c(O)c1C2=O)CC(O)(C(=O)CO)CC3OC1CC([NH3+])C(O)C(C)O1,COc1cccc2c1C(=O)c1c(O)c3c(c(O)c1C2=O)CC(O)(C(C)=O)CC3OC1CC(N)C(O)C(C)O1,"([('Hydroxy', 1, [(26,)]), ('Ammonium', 1, [(33,)])], [])","([('Amine', 1, [(32,)])], [])"
CC(=O)O.C[C@H](N)C(=O)O.NCCCC[C@H](N)C(=O)O.N[C@@H](CCC(=O)O)C(=O)O.N[C@@H](Cc1ccc(O)cc1)C(=O)O,C[C@H](N)C(=O)O.NCCCC[C@H](N)C(=O)O.N[C@@H](CCC(=O)O)C(=O)O.N[C@@H](Cc1ccc(O)cc1)C(=O)O,"([('Carboxylic acid', 1, [(1, 2, 3)])], [('C1 alkane', 1, [(0,)])])","([], [])"
CC(C)C[C@H](NC(=O)[C@@H](Cc1ccc2ccccc2c1)NC(=O)[C@H](Cc1ccc(O)cc1)NC(=O)[C@H](CO)NC(=O)[C@H](Cc1c[nH]c2ccccc12)NC(=O)[C@H](Cc1cnc[nH]1)NC(=O)[C@@H]1CCC(=O)N1)C(=O)N[C@@H](CCCN=C(N)N)C(=O)N1CCC[C@H]1C(=O)NCC(N)=O,CCNC(=O)[C@@H]1CCCN1C(=O)[C@H](CCCN=C(N)N)NC(=O)[C@H](CC(C)C)NC(=O)[C@@H](Cc1cn(Cc2ccccc2)cn1)NC(=O)[C@H](Cc1ccc(O)cc1)NC(=O)[C@H](CO)NC(=O)[C@H](Cc1c[nH]c2ccccc12)NC(=O)[C@H](Cc1cnc[nH]1)NC(=O)[C@@H]1CCC(=O)N1,"([('Amide', 1, [(93, 95, 94)]), ('Benzene', 1, [(10, 11, 12, 13, 18, 19)])], [])","([('imidazole', 1, [(33, 34, 35, 43, 44)])], [('C1 alkane', 1, [(36,)])])"
CC(C)C[C@H](NC(=O)[C@@H](Cc1ccc2ccccc2c1)NC(=O)[C@H](Cc1ccc(O)cc1)NC(=O)[C@H](CO)NC(=O)[C@H](Cc1c[nH]c2ccccc12)NC(=O)[C@H](Cc1cnc[nH]1)NC(=O)[C@@H]1CCC(=O)N1)C(=O)N[C@@H](CCCN=C(N)N)C(=O)N1CCC[C@H]1C(=O)NCC(N)=O,CC(C)CC(NC(=O)CNC(=O)C(Cc1ccc(O)cc1)NC(=O)C(CO)NC(=O)C(Cc1c[nH]c2ccccc12)NC(=O)C(Cc1cnc[nH]1)NC(=O)C1CCC(=O)N1)C(=O)NC(CCCN=C(N)N)C(=O)N1CCCC1C(=O)NCC(N)=O,"([('Benzene', 2, [(10, 11, 12, 13, 18, 19), (13, 14, 15, 16, 17, 18)])], [('C1 alkane', 1, [(9,)])])","([], [])"
CC(C)C[C@H](NC(=O)[C@@H](Cc1ccc2ccccc2c1)NC(=O)[C@H](Cc1ccc(O)cc1)NC(=O)[C@H](CO)NC(=O)[C@H](Cc1c[nH]c2ccccc12)NC(=O)[C@H](Cc1cnc[nH]1)NC(=O)[C@@H]1CCC(=O)N1)C(=O)N[C@@H](CCCN=C(N)N)C(=O)N1CCC[C@H]1C(=O)NCC(N)=O,CCNC(=O)C1CCCN1C(=O)C(CCCN=C(N)N)NC(=O)C(CC(C)C)NC(=O)C(CC(C)C)NC(=O)C(Cc1ccc(O)cc1)NC(=O)C(CO)NC(=O)C(Cc1c[nH]c2ccccc12)NC(=O)C(Cc1cnc[nH]1)NC(=O)C1CCC(=O)N1,"([('Amide', 1, [(93, 95, 94)]), ('Benzene', 2, [(10, 11, 12, 13, 18, 19), (13, 14, 15, 16, 17, 18)])], [])","([], [('C1 alkane', 1, [(0,)]), ('C3 alkane', 1, [(33, 34, 35)])])"
CC12CCC3c4ccc(OC(=O)N(CCCl)CCCl)cc4CCC3C1CCC2O,CC12CCC3c4ccc(OC(=O)N(CCCl)CCCl)cc4CCC3C1CCC2OP(=O)(O)O,"([('Hydroxy', 1, [(28,)])], [('C1 alkane', 1, [(27,)])])","([('Phosphoric monoester', 1, [(29, 30, 31, 32, 28, 27)])], [])"
CC1CC2C(C(O)CC3(C)C2CCC3(O)C(=O)COC(=O)CCC(=O)O)C2(C)C=CC(=O)C=C12,CC(=O)OCC(=O)[C@@]1(O)CC[C@H]2[C@@H]3C[C@H](C)C4=CC(=O)C=C[C@]4(C)[C@H]3[C@@H](O)C[C@@]21C,"([('Carboxylic acid', 1, [(23, 24, 25)])], [('C1 alkane', 1, [(22,)])])","([], [])"
CNC(=O)c1cc(Oc2ccc(NC(=O)Nc3ccc(Cl)c(C(F)(F)F)c3)c(F)c2)ccn1,CNC(=O)c1cc(Oc2ccc(NC(=O)Nc3ccc(Cl)c(C(F)(F)F)c3)cc2)ccn1,"([('Arylfluoride', 1, [(28,)])], [])","([], [])"
CCC(=O)O[C@](Cc1ccccc1)(c1ccccc1)[C@H](C)CN(C)C,CCC(=O)O[C@](Cc1ccccc1)(c1ccccc1)[C@H](C)CN(C)C.O=S(=O)(O)c1ccc2ccccc2c1,"([], [])","([('Sulfonic acid', 1, [(26, 25, 27, 28)]), ('Benzene', 2, [(29, 30, 31, 32, 37, 38), (32, 33, 34, 35, 36, 37)])], [])"
NCCCC[C@H](NC(=O)[C@@H]1CCCN1C(=O)[C@@H]1CSSC[C@H](NC(=O)CNC(=O)CNC(=O)CN)C(=O)N[C@@H](Cc2ccc(O)cc2)C(=O)N[C@@H](Cc2ccccc2)C(=O)N[C@@H](CCC(N)=O)C(=O)N[C@@H](CC(N)=O)C(=O)N1)C(=O)NCC(N)=O,NC(=O)CCC1NC(=O)C(Cc2ccccc2)NC(=O)C(Cc2ccc(O)cc2)NC(=O)C(N)CSSCC(C(=O)N2CCCC2C(=O)NC(CCCN=C(N)N)C(=O)NCC(N)=O)NC(=O)C(CC(N)=O)NC1=O.NCCCCC(NC(=O)C1CCCN1C(=O)C1CSSCC(N)C(=O)NC(Cc2ccc(O)cc2)C(=O)NC(Cc2ccccc2)C(=O)NC(CCC(N)=O)C(=O)NC(CC(N)=O)C(=O)N1)C(=O)NCC(N)=O,"([], [])","([('Amine', 1, [(33,)]), ('Disulfide', 1, [(35, 36)]), ('Amide', 3, [(1, 2, 0), (39, 40, 41), (69, 71, 70)]), ('Lactam', 5, [(7, 8, 6), (18, 19, 17), (30, 31, 29), (65, 66, 64), (73, 74, 72)]), ('Guanidine', 1, [(55, 54, 53, 56)]), ('Phenol', 1, [(26,)]), ('Benzene', 2, [(11, 12, 13, 14, 15, 16), (22, 23, 24, 25, 27, 28)]), ('pyrrolidine', 1, [(43, 44, 45, 41, 42)])], [('C3 alkane', 2, [(3, 4, 5), (50, 51, 52)]), ('C2 alkane', 5, [(9, 10), (20, 21), (32, 34), (37, 38), (67, 68)])])"
NCCCC[C@H](NC(=O)[C@@H]1CCCN1C(=O)[C@@H]1CSSC[C@H](NC(=O)CNC(=O)CNC(=O)CN)C(=O)N[C@@H](Cc2ccc(O)cc2)C(=O)N[C@@H](Cc2ccccc2)C(=O)N[C@@H](CCC(N)=O)C(=O)N[C@@H](CC(N)=O)C(=O)N1)C(=O)NCC(N)=O,NC(=O)CCC1NC(=O)C(Cc2ccccc2)NC(=O)C(Cc2ccc(O)cc2)NC(=O)CCSSCC(C(=O)N2CCCC2C(=O)NC(CCCN=C(N)N)C(=O)NCC(N)=O)NC(=O)C(CC(N)=O)NC1=O,"([('Amine', 2, [(0,), (34,)]), ('Amide', 3, [(23, 24, 22), (27, 28, 26), (31, 32, 30)])], [('C1 alkane', 4, [(1,), (25,), (29,), (33,)])])","([('Guanidine', 1, [(54, 53, 52, 55)])], [])"
C=CCN.ClCC1CO1.O=C(O)O,C=CCN.ClCC1CO1,"([('Hydroxy', 2, [(11,), (12,)]), ('Carbonyl', 1, [(10, 9)])], [])","([], [])"
CC[C@]12C=CCN3CC[C@@]4(c5cc([C@@]6(C(=O)OC)C[C@@H]7C[C@H](C(C)(F)F)CN(Cc8c6[nH]c6ccccc86)C7)c(OC)cc5N(C)[C@H]4[C@@](O)(C(=O)OC)[C@@H]1OC(C)=O)[C@@H]32,CC[C@]1(O)C[C@@H]2CN(CCc3c([nH]c4ccccc34)[C@@](C(=O)OC)(c3cc4c(cc3OC)N(C)[C@H]3[C@@](O)(C(=O)OC)[C@H](OC(C)=O)[C@]5(CC)C=CCN6CC[C@]43[C@@H]65)C2)C1,"([('Fluoride', 2, [(24,), (25,)])], [])","([('Hydroxy', 1, [(3,)])], [('C1 alkane', 1, [(8,)])])"
CC[C@]12C=CCN3CC[C@@]4(c5cc([C@@]6(C(=O)OC)C[C@@H]7C[C@H](C(C)(F)F)CN(Cc8c6[nH]c6ccccc86)C7)c(OC)cc5N(C)[C@H]4[C@@](O)(C(=O)OC)[C@@H]1OC(C)=O)[C@@H]32,CC[C@]1(O)C[C@H]2CN(CCc3c([nH]c4ccccc34)[C@@](C(=O)OC)(c3cc4c(cc3OC)N(C=O)[C@H]3[C@@](O)(C(=O)OC)[C@H](OC(C)=O)[C@]5(CC)C=CCN6CC[C@]43[C@@H]65)C2)C1,"([('Fluoride', 2, [(24,), (25,)])], [])","([('Hydroxy', 1, [(3,)]), ('Amide', 1, [(33, 34, 32)])], [('C1 alkane', 1, [(8,)])])"
CCOc1nc2cccc(C(=O)O)c2n1Cc1ccc(-c2ccccc2-c2nc(=O)o[nH]2)cc1,CCOc1nc2cccc(C(=O)O)c2n1Cc1ccc(-c2ccccc2-c2nn[nH]n2)cc1,"([('Lactone', 1, [(28, 29, 30)]), ('Hetero N basic H', 1, [(31,)]), ('Hetero N nonbasic', 1, [(27,)])], [])","([('tetrazole', 1, [(26, 27, 28, 29, 30)])], [])"
CCOc1nc2cccc(C(=O)O)c2n1Cc1ccc(-c2ccccc2-c2nc(=O)o[nH]2)cc1,CCOc1nc2cccc(C(=O)OCc3oc(=O)oc3C)c2n1Cc1ccc(-c2ccccc2-c2nc(=O)o[nH]2)cc1,"([('Carboxylic acid', 1, [(10, 11, 12)])], [])","([('Carboxylic ester', 1, [(10, 11, 12)]), ('Carbonic acid dieester', 1, [(14, 15, 16, 17, 18, 19)])], [('C1 alkane', 2, [(13,), (20,)])])"
Cc1nnc2n1-c1ccc(Cl)cc1C(c1ccccc1)=NC2,Cc1nnc2n1-c1ccc(Cl)cc1C(c1ccccc1Cl)=NC2,"([], [])","([('Arylchloride', 1, [(20,)])], [])"
CN(C)CC(c1ccc(O)cc1)C1(O)CCCCC1,COc1ccc(C(CN(C)C)C2(O)CCCCC2)cc1,"([('Phenol', 1, [(9,)])], [])","([('Ether', 1, [(1,)])], [('C1 alkane', 1, [(0,)])])"
CC(=O)Nc1c(I)c(NC(C)=O)c(I)c(C(=O)O)c1I,CNC(=O)c1c(I)c(NC(C)=O)c(I)c(C(=O)O)c1I,"([], [('C1 alkane', 1, [(0,)])])","([], [('C1 alkane', 1, [(0,)])])"
CN(C)CCC=C1c2ccccc2CCc2ccccc21,CN(C)CCC=C1c2ccccc2COc2ccccc21,"([], [('C1 alkane', 1, [(13,)])])","([('Ether', 1, [(14,)])], [])"
CCOC(=O)C1=C(COCCN)NC(C)=C(C(=O)OC)C1c1ccccc1Cl,CCOC(=O)C1=C(COCCN)NC(C)=C(C(=O)OC)C1c1ccccc1Cl.O=S(=O)(O)c1ccccc1,"([], [])","([('Sulfonic acid', 1, [(29, 28, 30, 31)]), ('Benzene', 1, [(32, 33, 34, 35, 36, 37)])], [])"
Clc1ccc2c(c1)C(N1CCNCC1)=Nc1ccccc1O2,CN1CCN(C2=Nc3ccccc3Oc3ccc(Cl)cc32)CC1,"([], [])","([], [('C1 alkane', 1, [(0,)])])"
CC1(C)SC2C(NC(=O)C(N)c3ccc(O)cc3)C(=O)N2C1C(=O)O,CC1(C)SC2C(NC(=O)C(N)c3ccccc3)C(=O)N2C1C(=O)[O-],"([('Phenol', 1, [(15,)])], [])","([], [])"
CC1(C)SC2C(NC(=O)C(N)c3ccccc3)C(=O)N2C1C(=O)[O-],CC1(C)SC2C(NC(=O)C(C(=O)[O-])c3ccccc3)C(=O)N2C1C(=O)[O-],"([('Amine', 1, [(10,)])], [])","([('Carboxylic acid', 1, [(10, 11, 12)])], [])"
CCC1OC(=O)C(C)C(OC2CC(C)(OC)C(O)C(C)O2)C(C)C(OC2OC(C)CC(N(C)C)C2O)C(C)(O)CC(C)CN(C)C(C)C(O)C1(C)O,CCC1OC(=O)C(C)C(OC2CC(C)(OC)C(O)C(C)O2)C(C)C(OC2OC(C)CC(N(C)C)C2O)C(C)(O)CC(C)C(=O)C(C)C(O)C1(C)O,"([('Amine', 1, [(43,)])], [('C1 alkane', 2, [(42,), (44,)])])","([('Ketone', 1, [(42, 43)])], [])"
CCC1OC(=O)C(C)C(OC2CC(C)(OC)C(O)C(C)O2)C(C)C(OC2OC(C)CC(N(C)C)C2O)C(C)(O)CC(C)CN(C)C(C)C(O)C1(C)O,CCCCCCCCCCCCCCCCCC(=O)O.CC[C@H]1OC(=O)[C@H](C)[C@@H](O[C@H]2C[C@@](C)(OC)[C@@H](O)[C@H](C)O2)[C@H](C)[C@@H](O[C@@H]2O[C@H](C)C[C@H](N(C)C)[C@H]2O)[C@](C)(O)C[C@@H](C)C(=O)[C@H](C)[C@@H](O)[C@]1(C)O,"([('Amine', 1, [(43,)])], [('C1 alkane', 1, [(44,)])])","([('Ketone', 1, [(62, 63)]), ('Carboxylic acid', 1, [(17, 18, 19)])], [('C17 alkane', 1, [(0, 1, 2, 3, 4, 5, 6, 7, 8, 9, 10, 11, 12, 13, 14, 15, 16)])])"
CCC1OC(=O)C(C)C(OC2CC(C)(OC)C(O)C(C)O2)C(C)C(OC2OC(C)CC(N(C)C)C2O)C(C)(O)CC(C)CN(C)C(C)C(O)C1(C)O,CCC1OC(=O)C(C)C(OC2CC(C)(OC)C(O)C(C)O2)C(C)C(OC2OC(C)CC(N(C)C)C2O)C(C)(O)CC(C)C(=NOCOCCOC)C(C)C(O)C1(C)O,"([('Amine', 1, [(43,)])], [('C1 alkane', 1, [(42,)])])","([('Ether', 2, [(46,), (49,)]), ('Oximether', 1, [(43, 42, 44, 45)])], [('C2 alkane', 1, [(48, 50)])])"
CCNC(=O)[C@@H]1CCCN1C(=O)[C@H](CCCN=C(N)N)NC(=O)[C@H](CC(C)C)NC(=O)[C@@H](Cc1cn(Cc2ccccc2)cn1)NC(=O)[C@H](Cc1ccc(O)cc1)NC(=O)[C@H](CO)NC(=O)[C@H](Cc1c[nH]c2ccccc12)NC(=O)[C@H](Cc1cnc[nH]1)NC(=O)[C@@H]1CCC(=O)N1,CC(C)CC(NC(=O)CNC(=O)C(Cc1ccc(O)cc1)NC(=O)C(CO)NC(=O)C(Cc1c[nH]c2ccccc12)NC(=O)C(Cc1cnc[nH]1)NC(=O)C1CCC(=O)N1)C(=O)NC(CCCN=C(N)N)C(=O)N1CCCC1C(=O)NCC(N)=O,"([('Benzene', 1, [(37, 38, 39, 40, 41, 42)]), ('imidazole', 1, [(33, 34, 35, 43, 44)])], [('C1 alkane', 3, [(0,), (32,), (36,)])])","([('Amide', 1, [(82, 84, 83)])], [])"
CCNC(=O)[C@@H]1CCCN1C(=O)[C@H](CCCN=C(N)N)NC(=O)[C@H](CC(C)C)NC(=O)[C@@H](Cc1cn(Cc2ccccc2)cn1)NC(=O)[C@H](Cc1ccc(O)cc1)NC(=O)[C@H](CO)NC(=O)[C@H](Cc1c[nH]c2ccccc12)NC(=O)[C@H](Cc1cnc[nH]1)NC(=O)[C@@H]1CCC(=O)N1,CCNC(=O)C1CCCN1C(=O)C(CCCN=C(N)N)NC(=O)C(CC(C)C)NC(=O)C(CC(C)C)NC(=O)C(Cc1ccc(O)cc1)NC(=O)C(CO)NC(=O)C(Cc1c[nH]c2ccccc12)NC(=O)C(Cc1cnc[nH]1)NC(=O)C1CCC(=O)N1,"([('Benzene', 1, [(37, 38, 39, 40, 41, 42)]), ('imidazole', 1, [(33, 34, 35, 43, 44)])], [])","([], [('C1 alkane', 2, [(34,), (35,)])])"
CCNC(=O)[C@@H]1CCCN1C(=O)[C@H](CCCN=C(N)N)NC(=O)[C@H](CC(C)C)NC(=O)[C@@H](Cc1cn(Cc2ccccc2)cn1)NC(=O)[C@H](Cc1ccc(O)cc1)NC(=O)[C@H](CO)NC(=O)[C@H](Cc1c[nH]c2ccccc12)NC(=O)[C@H](Cc1cnc[nH]1)NC(=O)[C@@H]1CCC(=O)N1,CC(C)CC(NC(=O)C(COC(C)(C)C)NC(=O)C(Cc1ccc(O)cc1)NC(=O)C(CO)NC(=O)C(Cc1c[nH]c2ccccc12)NC(=O)C(Cc1cnc[nH]1)NC(=O)C1CCC(=O)N1)C(=O)NC(CCCN=C(N)N)C(=O)N1CCCC1C(=O)NNC(N)=O,"([('Benzene', 1, [(37, 38, 39, 40, 41, 42)]), ('imidazole', 1, [(33, 34, 35, 43, 44)])], [('C1 alkane', 1, [(36,)])])","([('Ether', 1, [(10,)]), ('Semicarbazide', 1, [(86, 87, 88, 89, 90)])], [('C1 alkane', 2, [(12,), (13,)])])"
CCC(=O)OCC(=O)C1(OC(=O)CC)C(C)CC2C3CCC4=CC(=O)C=CC4(C)C3(Cl)C(O)CC21C,CCC(=O)OCC(=O)[C@@]1(OC(=O)CC)[C@@H](C)C[C@H]2[C@@H]3CCC4=CC(=O)C=C[C@]4(C)[C@@]3(F)[C@@H](O)C[C@@]21C,"([('Chloride', 1, [(30,)])], [])","([('Fluoride', 1, [(30,)])], [])"
CC1CC2C3CCC4=CC(=O)C=CC4(C)C3(Cl)C(O)CC2(C)C1(O)C(=O)CO,CC1CC2C3CCC4=CC(=O)C=CC4(C)C3(F)C(O)CC2(C)C1(O)C(=O)CO,"([('Chloride', 1, [(16,)])], [])","([('Fluoride', 1, [(16,)])], [])"
CC1(C)SC2C(NC(=O)Cc3ccccc3)C(=O)N2C1C(=O)O,CC1(C)S[C@@H]2[C@H](NC(=O)Cc3ccccc3)C(=O)N2[C@H]1C(=O)O.CC1(C)S[C@@H]2[C@H](NC(=O)Cc3ccccc3)C(=O)N2[C@H]1C(=O)O.c1ccc(CNCCNCc2ccccc2)cc1,"([], [])","([('Thioether', 1, [(3,)]), ('Amine', 2, [(51,), (54,)]), ('Carboxylic acid', 1, [(20, 21, 22)]), ('Amide', 1, [(7, 8, 6)]), ('Benzene', 3, [(10, 11, 12, 13, 14, 15), (46, 47, 48, 49, 62, 63), (56, 57, 58, 59, 60, 61)]), ('azetidin-2-one', 1, [(17, 16, 5, 4, 18)])], [('C4 alkane', 1, [(0, 1, 2, 19)]), ('C1 alkane', 3, [(9,), (50,), (55,)]), ('C2 alkane', 1, [(52, 53)])])"
CCCC1OC2CC3C4CCC5=CC(=O)C=CC5(C)C4C(O)CC3(C)C2(C(=O)CO)O1,CC1(C)O[C@@H]2C[C@H]3C4CCC5=CC(=O)C=CC5(C)[C@H]4C(O)CC3(C)[C@]2(C(=O)CO)O1,"([], [('C2 alkane', 1, [(0, 1)])])","([], [('C1 alkane', 1, [(0,)])])"
CCCCN1CCCCC1C(=O)Nc1c(C)cccc1C,Cc1cccc(C)c1NC(=O)C1CCCCN1C,"([], [('C3 alkane', 1, [(0, 1, 2)])])","([], [])"
CCCCN1CCCCC1C(=O)Nc1c(C)cccc1C,CCCN1CCCCC1C(=O)Nc1c(C)cccc1C,"([], [('C1 alkane', 1, [(0,)])])","([], [])"
CCC(C)C1(CC)C(=O)NC(=O)NC1=O,CCCC(C)C1(CC)C(=O)NC(=O)NC1=O,"([], [])","([], [('C1 alkane', 1, [(0,)])])"
C=C1C(=CC=C2CCCC3(C)C2CCC3C(C)C=CC(O)C2CC2)CC(O)CC1O,C=C1C(=CC=C2CCCC3(C)C2CCC3C(C)C=CC(C)C(C)C)CC(O)CC1O,"([('Hydroxy', 1, [(20,)])], [('C2 alkane', 1, [(22, 23)])])","([], [('C3 alkane', 1, [(21, 22, 23)])])"
CC(Cc1ccc(O)c(O)c1)(NN)C(=O)O,C[C@@](Cc1ccc(O)c(O)c1)(NN)C(=O)O.N[C@@H](Cc1ccc(O)c(O)c1)C(=O)O,"([], [])","([('Amine', 1, [(16,)]), ('Carboxylic acid', 1, [(27, 28, 29)]), ('Phenol', 2, [(23,), (25,)]), ('Benzene', 1, [(19, 20, 21, 22, 24, 26)])], [('C2 alkane', 1, [(17, 18)])])"
NC(C(=O)NC1C(=O)N2C(C(=O)O)=C(Cl)CSC12)c1ccccc1,CC1=C(C(=O)O)N2C(=O)C(NC(=O)C(N)c3ccccc3)C2SC1,"([('Chloroalkene', 1, [(14, 13, 9)])], [])","([('Alkene', 1, [(1, 2)])], [('C1 alkane', 1, [(0,)])])"
CC1=C(C(=O)O)N2C(=O)C(NC(=O)C(N)c3ccc(O)cc3)C2SC1,CC=CC1=C(C(=O)O)N2C(=O)C(NC(=O)C(N)c3ccc(O)cc3)C2SC1,"([], [])","([('Alkene', 1, [(1, 2)])], [])"
CC1=C(C(=O)O)N2C(=O)C(NC(=O)C(N)c3ccc(O)cc3)C2SC1,CC1=C(C(=O)O)N2C(=O)C(NC(=O)C(N)c3ccccc3)C2SC1,"([('Phenol', 1, [(19,)])], [])","([], [])"
NC(=O)CCC1NC(=O)C(Cc2ccccc2)NC(=O)C(Cc2ccc(O)cc2)NC(=O)C(N)CSSCC(C(=O)N2CCCC2C(=O)NC(CCCN=C(N)N)C(=O)NCC(N)=O)NC(=O)C(CC(N)=O)NC1=O.NCCCCC(NC(=O)C1CCCN1C(=O)C1CSSCC(N)C(=O)NC(Cc2ccc(O)cc2)C(=O)NC(Cc2ccccc2)C(=O)NC(CCC(N)=O)C(=O)NC(CC(N)=O)C(=O)N1)C(=O)NCC(N)=O,NC(=O)CCC1NC(=O)C(Cc2ccccc2)NC(=O)C(Cc2ccc(O)cc2)NC(=O)CCSSCC(C(=O)N2CCCC2C(=O)NC(CCCN=C(N)N)C(=O)NCC(N)=O)NC(=O)C(CC(N)=O)NC1=O,"([('Amine', 3, [(33,), (75,), (97,)]), ('Disulfide', 1, [(93, 94)]), ('Amide', 6, [(82, 83, 81), (89, 90, 88), (127, 129, 128), (135, 137, 136), (141, 142, 143), (145, 147, 146)]), ('Lactam', 5, [(98, 99, 100), (110, 111, 112), (121, 122, 123), (130, 131, 132), (138, 139, 140)]), ('Phenol', 1, [(107,)]), ('Benzene', 2, [(103, 104, 105, 106, 108, 109), (115, 116, 117, 118, 119, 120)]), ('pyrrolidine', 1, [(85, 86, 87, 88, 84)])], [('C6 alkane', 1, [(76, 77, 78, 79, 80, 144)]), ('C13 alkane', 1, [(91, 92, 95, 96, 101, 102, 113, 114, 124, 125, 126, 133, 134)])])","([], [])"
NC(=O)CCC1NC(=O)C(Cc2ccccc2)NC(=O)C(Cc2ccc(O)cc2)NC(=O)C(N)CSSCC(C(=O)N2CCCC2C(=O)NC(CCCN=C(N)N)C(=O)NCC(N)=O)NC(=O)C(CC(N)=O)NC1=O.NCCCCC(NC(=O)C1CCCN1C(=O)C1CSSCC(N)C(=O)NC(Cc2ccc(O)cc2)C(=O)NC(Cc2ccccc2)C(=O)NC(CCC(N)=O)C(=O)NC(CC(N)=O)C(=O)N1)C(=O)NCC(N)=O,CCC(C)C1NC(=O)C(Cc2ccc(O)cc2)NC(=O)C(N)CSSCC(C(=O)N2CCCC2C(=O)NC(CC(C)C)C(=O)NCC(N)=O)NC(=O)C(CC(N)=O)NC(=O)C(CCC(N)=O)NC1=O,"([('Amine', 2, [(33,), (75,)]), ('Disulfide', 1, [(35, 36)]), ('Amide', 6, [(1, 2, 0), (39, 40, 41), (46, 47, 48), (57, 58, 59), (61, 63, 62), (69, 71, 70)]), ('Lactam', 5, [(7, 8, 6), (18, 19, 17), (30, 31, 29), (65, 66, 64), (73, 74, 72)]), ('Guanidine', 1, [(55, 54, 53, 56)]), ('Phenol', 1, [(26,)]), ('Benzene', 3, [(11, 12, 13, 14, 15, 16), (22, 23, 24, 25, 27, 28), (115, 116, 117, 118, 119, 120)]), ('pyrrolidine', 1, [(43, 44, 45, 41, 42)])], [('C3 alkane', 1, [(3, 4, 5)]), ('C2 alkane', 5, [(9, 10), (20, 21), (32, 34), (37, 38), (67, 68)]), ('C1 alkane', 4, [(52,), (60,), (76,), (114,)])])","([], [('C1 alkane', 1, [(40,)])])"
CON=C(C(=O)NC1C(=O)N2C(C(=O)[O-])=C(C[N+]3(C)CCCC3)CSC12)c1csc(N)n1,CON=C(C(=O)NC1C(=O)N2C(C(=O)[O-])=C(COC(C)=O)CSC12)c1csc(N)n1,"([('pyrrolidine', 1, [(20, 21, 22, 17, 19)])], [])","([('Carboxylic ester', 1, [(18, 20, 17)])], [])"
CON=C(C(=O)NC1C(=O)N2C(C(=O)[O-])=C(COC(C)=O)CSC12)c1csc(N)n1,COCC1=C(C(=O)O)N2C(=O)C(NC(=O)C(=NOC)c3csc(N)n3)C2SC1,"([('Carboxylic ester', 1, [(18, 20, 17)])], [])","([('Ether', 1, [(1,)])], [])"
CON=C(C(=O)NC1C(=O)N2C(C(=O)O)=CCSC12)c1csc(N)n1,COCC1=C(C(=O)O)N2C(=O)C(NC(=O)C(=NOC)c3csc(N)n3)C2SC1,"([], [])","([('Ether', 1, [(1,)])], [('C1 alkane', 2, [(0,), (2,)])])"
CON=C(C(=O)NC1C(=O)N2C(C(=O)[O-])=C(COC(N)=O)CSC12)c1ccco1,CON=C(C(=O)N[C@@H]1C(=O)N2C(C(=O)OC(C)OC(C)=O)=C(COC(N)=O)CS[C@H]12)c1ccco1,"([('Carboxylic acid', 1, [(12, 13, 14)])], [])","([('Carboxylic ester', 2, [(12, 13, 14), (18, 20, 17)])], [('C2 alkane', 1, [(15, 16)]), ('C1 alkane', 1, [(19,)])])"
O=C(O)COCCN1CCN(C(c2ccccc2)c2ccc(Cl)cc2)CC1,OCCOCCN1CCN(C(c2ccccc2)c2ccc(Cl)cc2)CC1,"([('Carboxylic acid', 1, [(1, 0, 2)])], [])","([('Hydroxy', 1, [(0,)])], [('C1 alkane', 1, [(1,)])])"
CCN(CC)CCCC(C)Nc1ccnc2cc(Cl)ccc12,CCN(CCO)CCCC(C)Nc1ccnc2cc(Cl)ccc12,"([], [])","([('Hydroxy', 1, [(5,)])], [])"
CCCC1CC(C(=O)NC(C(C)Cl)C2OC(SC)C(O)C(O)C2O)N(C)C1,CCCC1CC(C(=O)NC(C(C)O)C2OC(SC)C(O)C(O)C2O)N(C)C1,"([('Chloride', 1, [(12,)])], [])","([('Hydroxy', 1, [(12,)])], [])"
CCC(=O)OC1(C(=O)CCl)C(C)CC2C3CCC4=CC(=O)C=CC4(C)C3(F)C(O)CC21C,CCC(=O)OCC(=O)[C@@]1(OC(=O)CC)[C@@H](C)C[C@H]2[C@@H]3CCC4=CC(=O)C=C[C@]4(C)[C@@]3(F)[C@@H](O)C[C@@]21C,"([('Chloride', 1, [(9,)])], [])","([('Carboxylic ester', 1, [(2, 3, 4)])], [('C2 alkane', 1, [(0, 1)])])"
CN(C)CCCN1c2ccccc2CCc2ccc(Cl)cc21,CN(C)CCCN1c2ccccc2CCc2ccccc21,"([('Arylchloride', 1, [(19,)])], [])","([], [])"
O=C1CN=C(c2ccccc2Cl)c2cc([N+](=O)[O-])ccc2N1,O=C1CN=C(c2ccccc2)c2cc([N+](=O)[O-])ccc2N1,"([('Arylchloride', 1, [(11,)])], [])","([], [])"
O=C(O)C1N=C(c2ccccc2)c2cc(Cl)ccc2NC1=O,O=C1Nc2ccc(Cl)cc2C(c2ccccc2)=NC1O,"([('Carboxylic acid', 1, [(1, 0, 2)])], [])","([('Hydroxy', 1, [(19,)])], [])"
CC(C)(C)N.CCC[C@H](N[C@H](C)C(=O)N1[C@H](C(=O)O)C[C@@H]2CCCC[C@@H]21)C(=O)OCC,CCC[C@H](N[C@H](C)C(=O)N1[C@H](C(=O)O)C[C@@H]2CCCC[C@@H]21)C(=O)OCC,"([('Amine', 1, [(4,)])], [('C4 alkane', 1, [(0, 1, 2, 3)])])","([], [])"
CC(C)(C)N.CCC[C@H](N[C@H](C)C(=O)N1[C@H](C(=O)O)C[C@@H]2CCCC[C@@H]21)C(=O)OCC,CCOC(=O)C(CCc1ccccc1)NC(C)C(=O)N1C(C(=O)O)CC2CCCC21,"([('Amine', 1, [(4,)]), ('azonane', 1, [(21, 22, 23, 24, 25, 14, 15, 19, 20)])], [('C4 alkane', 1, [(0, 1, 2, 3)]), ('C1 alkane', 1, [(5,)])])","([('Benzene', 1, [(8, 9, 10, 11, 12, 13)]), ('azocane', 1, [(26, 25, 24, 20, 19, 29, 28, 27)])], [])"
CC(C)(C)N.CCC[C@H](N[C@H](C)C(=O)N1[C@H](C(=O)O)C[C@@H]2CCCC[C@@H]21)C(=O)OCC,CCOC(=O)C(CCc1ccccc1)NC(C)C(=O)N1C(C(=O)O)CC2CCCCC21,"([('Amine', 1, [(4,)])], [('C4 alkane', 1, [(0, 1, 2, 3)]), ('C1 alkane', 1, [(5,)])])","([('Benzene', 1, [(8, 9, 10, 11, 12, 13)])], [])"
CCC[C@H](N[C@H](C)C(=O)N1[C@H](C(=O)O)C[C@@H]2CCCC[C@@H]21)C(=O)OCC,CCOC(=O)C(CCc1ccccc1)NC(C)C(=O)N1C(C(=O)O)CC2CCCC21,"([('azonane', 1, [(16, 17, 18, 19, 20, 9, 10, 14, 15)])], [('C1 alkane', 1, [(0,)])])","([('Benzene', 1, [(8, 9, 10, 11, 12, 13)]), ('azocane', 1, [(26, 25, 24, 20, 19, 29, 28, 27)])], [])"
CCC[C@H](N[C@H](C)C(=O)N1[C@H](C(=O)O)C[C@@H]2CCCC[C@@H]21)C(=O)OCC,CCOC(=O)C(CCc1ccccc1)NC(C)C(=O)N1C(C(=O)O)CC2CCCCC21,"([], [('C1 alkane', 1, [(0,)])])","([('Benzene', 1, [(8, 9, 10, 11, 12, 13)])], [])"
CC(=O)OC1(C(C)=O)CCC2C3C=C(Cl)C4=CC(=O)C5CC5C4(C)C3CCC21C,CC(=O)C1(O)CCC2C3C=C(Cl)C4=CC(=O)C5CC5C4(C)C3CCC21C,"([('Carboxylic ester', 1, [(1, 2, 3)])], [('C1 alkane', 1, [(0,)])])","([('Hydroxy', 1, [(4,)])], [])"
COc1cccc2c1C(=O)c1c(O)c3c(c(O)c1C2=O)CC(O)(C(C)=O)CC3OC1CC(N)C(O)C(C)O1,CC(=O)C1(O)Cc2c(O)c3c(c(O)c2C(OC2CC(N)C(O)C(C)O2)C1)C(=O)c1ccccc1C3=O,"([('Ether', 1, [(1,)])], [('C1 alkane', 1, [(0,)])])","([], [])"
CC1CC2C3CCC4=CC(=O)C=CC4(C)C3(F)C(O)CC2(C)C1(O)C(=O)CO,CC1CC2C3CC(F)C4=CC(=O)C=CC4(C)C3(F)C(O)CC2(C)C1(O)C(=O)CO,"([], [])","([('Fluoride', 1, [(7,)])], [])"
COc1ccc2c(c1)C13CCCCC1C(C2)N(C)CC3,CN1CCC23CCCCC2C1Cc1ccc(O)cc13,"([('Ether', 1, [(1,)])], [('C1 alkane', 1, [(0,)])])","([('Phenol', 1, [(16,)])], [])"
Cc1onc(-c2c(Cl)cccc2Cl)c1C(=O)NC1C(=O)N2C1SC(C)(C)C2C(=O)[O-],Cc1onc(-c2c(F)cccc2Cl)c1C(=O)NC1C(=O)N2C1SC(C)(C)C2C(=O)O,"([('Arylchloride', 1, [(7,)])], [])","([('Arylfluoride', 1, [(7,)])], [])"
Cc1onc(-c2c(Cl)cccc2Cl)c1C(=O)NC1C(=O)N2C1SC(C)(C)C2C(=O)[O-],Cc1onc(-c2ccccc2)c1C(=O)NC1C(=O)N2C1SC(C)(C)C2C(=O)[O-],"([('Arylchloride', 2, [(7,), (12,)])], [])","([], [])"
O=C(O)CN(CCN(CC(=O)O)CC(=O)O)CCN(CC(=O)O)CC(=O)O,O=C(O)CN(CCN(CC(=O)O)CC(=O)O)CC(=O)O,"([('Amine', 1, [(7,)]), ('Carboxylic acid', 1, [(13, 14, 15)])], [('C1 alkane', 3, [(6,), (8,), (12,)])])","([], [])"
COc1ccc2c3c1OC1C(O)CCC4C(C2)N(C)CCC341,COc1ccc2c3c1O[C@H]1C(=O)CC[C@H]4[C@H](C2)N(C)CC[C@]314,"([('Hydroxy', 1, [(11,)])], [('C1 alkane', 1, [(12,)])])","([('Ketone', 1, [(10, 11)])], [])"
CN1CC(C(=O)NC2(C)OC3(O)C4CCCN4C(=O)C(Cc4ccccc4)N3C2=O)CC2c3cccc4[nH]cc(c34)CC21,CN1CC(C(=O)NC2(C)OC3(O)C4CCCN4C(=O)C(Cc4ccccc4)N3C2=O)C=C2c3cccc4[nH]cc(c34)CC21,"([('piperidine', 1, [(30, 3, 2, 1, 42, 31)])], [])","([('Alkene', 1, [(30, 31)]), ('Amine', 1, [(1,)])], [('C2 alkane', 1, [(2, 3)]), ('C1 alkane', 1, [(42,)])])"
O=[N+]([O-])O[C@@H]1CO[C@H]2[C@@H]1OC[C@@H]2O,O=[N+]([O-])OC1COC2C(O[N+](=O)[O-])COC12,"([('Hydroxy', 1, [(12,)])], [])","([('Nitro', 2, [(10, 11, 9), (10, 11, 12)])], [])"
CN(C)CCOC(c1ccccc1)c1ccccc1,Cc1ccccc1C(OCCN(C)C)c1ccccc1,"([], [])","([], [('C1 alkane', 1, [(0,)])])"
CCCc1nc(C(C)(C)O)c(C(=O)O)n1Cc1ccc(-c2ccccc2-c2nn[nH]n2)cc1,CCCc1nc(C(C)(C)O)c(C(=O)OCc2oc(=O)oc2C)n1Cc1ccc(-c2ccccc2-c2nn[nH]n2)cc1,"([('Carboxylic acid', 1, [(11, 12, 13)])], [])","([('Carboxylic ester', 1, [(11, 12, 13)]), ('Carbonic acid dieester', 1, [(15, 16, 17, 18, 19, 20)])], [('C1 alkane', 2, [(14,), (21,)])])"
COCCOC(=O)NCCCC[C@H](NC(=O)OCCOC)C(=O)NCCCCCOP(C)(=O)O,COCCOC(=O)NCCCC[C@H](NC(=O)OCCOC)C(=O)NCCCCCCCOP(C)(=O)O,"([], [])","([], [('C2 alkane', 1, [(24, 25)])])"
Clc1ccc(COC(Cn2ccnc2)c2ccc(Cl)cc2Cl)cc1,Clc1ccc(COC(Cn2ccnc2)c2ccc(Cl)cc2Cl)c(Cl)c1,"([], [])","([('Arylchloride', 1, [(23,)])], [])"
CCC=CCC=CCC=CCC=CCC=CCCCC(=O)O,CC/C=C\C/C=C\C/C=C\C/C=C\C/C=C\C/C=C\CCC(=O)O.CC/C=C\C/C=C\C/C=C\C/C=C\C/C=C\CCCC(=O)O.CC/C=C\C/C=C\C/C=C\CCCCCCCC(=O)O,"([], [])","([('Alkene', 9, [(2, 3), (5, 6), (8, 9), (11, 12), (14, 15), (17, 18), (48, 49), (51, 52), (54, 55)]), ('Carboxylic acid', 2, [(21, 22, 23), (63, 64, 65)])], [('C2 alkane', 3, [(0, 1), (19, 20), (46, 47)]), ('C1 alkane', 7, [(4,), (7,), (10,), (13,), (16,), (50,), (53,)]), ('C7 alkane', 1, [(56, 57, 58, 59, 60, 61, 62)])])"
C=C1CCC(O)CC1=CC=C1CCCC2(C)C1CCC2C(C)C=CC(C)C(C)C,C=C1C(=CC=C2CCCC3(C)C2CCC3C(C)C=CC(C)C(C)C)CC(O)CC1O,"([], [])","([('Hydroxy', 1, [(29,)])], [])"
CC(CO)NC(=O)C1C=C2c3cccc4[nH]cc(c34)CC2N(C)C1,CCC(CO)NC(=O)C1C=C2c3cccc4[nH]cc(c34)CC2N(C)C1,"([], [])","([], [('C1 alkane', 1, [(0,)])])"
CCC1OC(=O)C(C)C(OC2CC(C)(OC)C(O)C(C)O2)C(C)C(OC2OC(C)CC(N(C)C)C2O)C(C)(O)CC(C)C(=O)C(C)C(O)C1(C)O,CCCCCCCCCCCCCCCCCC(=O)O.CC[C@H]1OC(=O)[C@H](C)[C@@H](O[C@H]2C[C@@](C)(OC)[C@@H](O)[C@H](C)O2)[C@H](C)[C@@H](O[C@@H]2O[C@H](C)C[C@H](N(C)C)[C@H]2O)[C@](C)(O)C[C@@H](C)C(=O)[C@H](C)[C@@H](O)[C@]1(C)O,"([], [])","([('Carboxylic acid', 1, [(17, 18, 19)])], [('C17 alkane', 1, [(0, 1, 2, 3, 4, 5, 6, 7, 8, 9, 10, 11, 12, 13, 14, 15, 16)])])"
CCC1OC(=O)C(C)C(OC2CC(C)(OC)C(O)C(C)O2)C(C)C(OC2OC(C)CC(N(C)C)C2O)C(C)(O)CC(C)C(=O)C(C)C(O)C1(C)O,CCC1OC(=O)C(C)C(OC2CC(C)(OC)C(O)C(C)O2)C(C)C(OC2OC(C)CC(N(C)C)C2O)C(C)(O)CC(C)C(=NOCOCCOC)C(C)C(O)C1(C)O,"([('Ketone', 1, [(42, 43)])], [])","([('Ether', 2, [(46,), (49,)]), ('Oximether', 1, [(43, 42, 44, 45)])], [('C3 alkane', 1, [(47, 48, 50)])])"
CCC1OC(=O)C(C)C(OC2CC(C)(OC)C(O)C(C)O2)C(C)C(OC2OC(C)CC(N(C)C)C2O)C(C)(O)CC(C)C(=O)C(C)C(O)C1(C)O,CC[C@H]1OC(=O)[C@H](C)[C@@H](O[C@H]2C[C@@](C)(OC)[C@@H](O)[C@H](C)O2)[C@H](C)[C@@H](O[C@@H]2O[C@H](C)C[C@H](N(C)C)[C@H]2O)[C@](C)(O)C[C@@H](C)C(=O)[C@H](C)[C@@H](O)[C@]1(C)O.O=C(O)[C@H](O)[C@@H](O)[C@H](O[C@@H]1O[C@H](CO)[C@H](O)[C@H](O)[C@H]1O)[C@H](O)CO,"([], [])","([('Hydroxy', 1, [(64,)]), ('1,2-Diol', 4, [(55, 54, 56, 57), (66, 65, 67, 68), (68, 67, 69, 70), (72, 71, 73, 74)]), ('Acetal', 1, [(59, 58, 60, 61, 62)]), ('Carboxylic acid', 1, [(52, 51, 53)]), ('tetrahydropyran', 1, [(67, 65, 62, 61, 60, 69)])], [('C1 alkane', 1, [(63,)])])"
CC12CCC3c4ccc(O)cc4CCC3C1CCC2OC(=O)CCC1CCCC1,CCCCC(=O)OC1CCC2C3CCc4cc(O)ccc4C3CCC12C,"([], [('C4 alkane', 1, [(25, 26, 27, 28)])])","([], [('C1 alkane', 1, [(0,)])])"
COc1cc(C2c3cc4c(cc3C(OC3OC5COC(C)OC5C(O)C3O)C3COC(=O)C23)OCO4)cc(OC)c1O,COc1cc([C@@H]2c3cc4c(cc3[C@@H](OC3OC5COC(C)OC5C(O)C3O)[C@H]3COC(=O)[C@H]23)OCO4)cc(OC)c1OP(=O)(O)O,"([('Phenol', 1, [(41,)])], [])","([('Phosphoric monoester', 1, [(42, 43, 44, 45, 41, 40)])], [])"
COc1cc(C2c3cc4c(cc3C(OC3OC5COC(C)OC5C(O)C3O)C3COC(=O)C23)OCO4)cc(OC)c1O,COc1cc(C2c3cc4c(cc3C(OC3OC5COC(c6cccs6)OC5C(O)C3O)C3COC(=O)C23)OCO4)cc(OC)c1O,"([], [('C1 alkane', 1, [(20,)])])","([('thiophene', 1, [(21, 22, 23, 24, 20)])], [])"
CCOC(=O)C1=C(C)NC(C)=C(C(=O)OC)C1c1cccc(Cl)c1Cl,CCCC(=O)OCOC(=O)C1=C(C)NC(C)=C(C(=O)OC)C1c1cccc(Cl)c1Cl,"([], [])","([('Carboxylic ester', 1, [(3, 4, 5)])], [('C2 alkane', 1, [(0, 1)])])"
O=c1[nH]c(=O)n(C2CC(O)C(CO)O2)cc1F,O=c1[nH]c(=O)n(C2CC(O)C(CO)O2)cc1I,"([('Arylfluoride', 1, [(16,)])], [])","([('Aryliodide', 1, [(16,)])], [])"
O=c1[nH]c(=O)n(C2CC(O)C(CO)O2)cc1F,O=c1[nH]c(=O)n([C@H]2C[C@H](O)[C@@H](CO)O2)cc1C(F)(F)F,"([('Arylfluoride', 1, [(16,)]), ('uracil', 1, [(0, 1, 15, 14, 5, 3, 4, 2)])], [])","([('Trifluoromethyl', 1, [(17, 16, 18, 19)]), ('thymine', 1, [(16, 15, 14, 5, 3, 4, 2, 1, 0)])], [])"
Nc1nc(F)nc2c1ncn2C1OC(CO)C(O)C1O,Nc1nc(F)nc2c1ncn2C1OC(COP(=O)(O)O)C(O)C1O,"([('Hydroxy', 1, [(15,)])], [('C1 alkane', 1, [(14,)])])","([('Phosphoric monoester', 1, [(16, 17, 18, 19, 15, 14)])], [])"
OCCN1CCN(CCCN2c3ccccc3Sc3ccc(C(F)(F)F)cc32)CC1,OCCN1CCN(CCCN2c3ccccc3Sc3ccc(Cl)cc32)CC1,"([('Trifluoromethyl', 1, [(23, 22, 24, 25)])], [])","([('Arylchloride', 1, [(22,)])], [])"
OCCN1CCN(CCCN2c3ccccc3Sc3ccc(C(F)(F)F)cc32)CC1,CN1CCN(CCCN2c3ccccc3Sc3ccc(C(F)(F)F)cc32)CC1,"([('Hydroxy', 1, [(0,)])], [('C1 alkane', 1, [(1,)])])","([], [])"
CC1(C)OC2CC3C4CC(F)C5=CC(=O)C=CC5(C)C4C(O)CC3(C)C2(C(=O)CO)O1,CC1(C)O[C@@H]2C[C@H]3C4CCC5=CC(=O)C=CC5(C)[C@H]4C(O)CC3(C)[C@]2(C(=O)CO)O1,"([('Fluoride', 1, [(10,)])], [])","([], [])"
CC1(C)OC2CC3C4CC(F)C5=CC(=O)C=CC5(C)C4(F)C(O)CC3(C)C2(C(=O)CO)O1,CC1(C)O[C@@H]2C[C@H]3[C@@H]4CCC5=CC(=O)C=C[C@]5(C)[C@@]4(F)[C@@H](O)C[C@]3(C)[C@]2(C(=O)CO)O1,"([('Fluoride', 1, [(10,)])], [])","([], [])"
CC1(O)CCC2C3CCC4=CC(=O)CCC4(C)C3(F)C(O)CC21C,C[C@]12CCC(=O)C=C1CC[C@H]1[C@@H]3CC[C@](O)(C(=O)CO)[C@@]3(C)C[C@H](O)[C@@]12F,"([], [])","([('Hydroxy', 1, [(19,)]), ('Ketone', 1, [(16, 17)])], [])"
CCC(=O)OC1(C(=O)SCF)C(C)CC2C3CC(F)C4=CC(=O)C=CC4(C)C3(F)C(O)CC21C,C[C@@H]1C[C@H]2[C@@H]3C[C@H](F)C4=CC(=O)C=C[C@]4(C)[C@@]3(F)[C@@H](O)C[C@]2(C)[C@@]1(OC(=O)c1ccco1)C(=O)SCF,"([], [('C2 alkane', 1, [(0, 1)])])","([('furan', 1, [(28, 29, 30, 31, 27)])], [])"
N#Cc1cc(NC(=O)C(=O)O)c(Cl)c(NC(=O)C(=O)O)c1.NC(CO)(CO)CO,N#Cc1cc(NC(=O)C(=O)O)c(Cl)c(NC(=O)C(=O)O)c1,"([('Hydroxy', 3, [(24,), (26,), (28,)]), ('Amine', 1, [(21,)])], [('C4 alkane', 1, [(22, 23, 25, 27)])])","([], [])"
CCCC[N+]1(C)C2CC(OC(=O)C(CO)c3ccccc3)CC1C1OC12,C[N+]1(C)C2CC(OC(=O)C(CO)c3ccccc3)CC1C1OC12,"([], [('C3 alkane', 1, [(0, 1, 2)])])","([], [])"
CN1C2CCC1CC(OC(=O)C(CO)c1ccccc1)C2,CN1C2CC(OC(=O)C(CO)c3ccccc3)CC1C1OC12,"([('pyrrolidine', 1, [(3, 4, 5, 1, 2)])], [])","([('morpholine', 1, [(2, 21, 20, 19, 18, 1)])], [])"
Nc1cccc2c1C(=O)N(C1CCC(=O)NC1=O)C2=O,O=C1CCC(N2C(=O)c3ccccc3C2=O)C(=O)N1,"([('Amine', 1, [(0,)])], [])","([], [])"
C[C@@H](O[C@@H]1OCCN(Cc2nc(=O)[nH][nH]2)[C@@H]1c1ccc(F)cc1)c1cc(C(F)(F)F)cc(C(F)(F)F)c1,C[C@@H](O[C@H]1OCCN(Cc2nc(=O)n(P(=O)(O)O)[nH]2)[C@H]1c1ccc(F)cc1)c1cc(C(F)(F)F)cc(C(F)(F)F)c1,"([], [])","([('Hydroxy', 2, [(16,), (17,)]), ('Phosphoric acid derivative', 1, [(14, 15, 13, 16, 17)])], [])"
CC(=O)N(CC(O)CO)c1c(I)c(C(=O)NCC(O)CO)c(I)c(C(=O)NCC(O)CO)c1I,CC(=O)N(CC(O)CO)c1c(I)c(C(=O)NCCO)c(I)c(C(=O)NCC(O)CO)c1I,"([('1,2-Diol', 1, [(18, 17, 19, 20)])], [])","([('Hydroxy', 1, [(18,)])], [('C1 alkane', 1, [(17,)])])"
CC(C)CC(NC(=O)CNC(=O)C(Cc1ccc(O)cc1)NC(=O)C(CO)NC(=O)C(Cc1c[nH]c2ccccc12)NC(=O)C(Cc1cnc[nH]1)NC(=O)C1CCC(=O)N1)C(=O)NC(CCCN=C(N)N)C(=O)N1CCCC1C(=O)NCC(N)=O,CCNC(=O)C1CCCN1C(=O)C(CCCN=C(N)N)NC(=O)C(CC(C)C)NC(=O)C(CC(C)C)NC(=O)C(Cc1ccc(O)cc1)NC(=O)C(CO)NC(=O)C(Cc1c[nH]c2ccccc12)NC(=O)C(Cc1cnc[nH]1)NC(=O)C1CCC(=O)N1,"([('Amide', 1, [(82, 84, 83)])], [])","([], [('C1 alkane', 1, [(0,)]), ('C4 alkane', 1, [(32, 33, 34, 35)])])"
CC(C)CC(NC(=O)CNC(=O)C(Cc1ccc(O)cc1)NC(=O)C(CO)NC(=O)C(Cc1c[nH]c2ccccc12)NC(=O)C(Cc1cnc[nH]1)NC(=O)C1CCC(=O)N1)C(=O)NC(CCCN=C(N)N)C(=O)N1CCCC1C(=O)NCC(N)=O,CC(C)C[C@H](NC(=O)[C@@H](Cc1c[nH]c2ccccc12)NC(=O)[C@H](Cc1ccc(O)cc1)NC(=O)[C@H](CO)NC(=O)[C@H](Cc1c[nH]c2ccccc12)NC(=O)[C@H](Cc1cnc[nH]1)NC(=O)[C@@H]1CCC(=O)N1)C(=O)N[C@@H](CCCN=C(N)N)C(=O)N1CCC[C@H]1C(=O)NCC(N)=O,"([], [])","([('1H-indole', 1, [(16, 15, 14, 13, 12, 11, 10, 18, 17)])], [('C1 alkane', 1, [(9,)])])"
CCCCCCCC(=O)CCC1C(O)CC(O)C1CC=CCCCC(=O)OC(C)C,CCCCCCCC(=O)CCC1C(O)CC(O)C1CC=CCCCC(=O)O,"([('Carboxylic ester', 1, [(24, 25, 26)])], [('C3 alkane', 1, [(27, 28, 29)])])","([('Carboxylic acid', 1, [(24, 25, 26)])], [])"
CCC(C)n1ncn(-c2ccc(N3CCN(c4ccc(OCC5COC(Cn6cncn6)(c6ccc(Cl)cc6Cl)O5)cc4)CC3)cc2)c1=O,CC(C)N1CCN(c2ccc(OCC3COC(Cn4cncn4)(c4ccc(Cl)cc4Cl)O3)cc2)CC1,"([('Urea', 1, [(4, 47, 48, 7)]), ('Benzene', 1, [(8, 9, 10, 11, 45, 46)]), ('4H-1,2,4-triazole', 1, [(6, 7, 47, 4, 5)])], [('C1 alkane', 1, [(0,)])])","([], [])"
CO[C@H]1/C=C/O[C@@]2(C)Oc3c(C)c(O)c4c(c3C2=O)C(=O)/C(=C/NN2CCN(C3CCCC3)CC2)C(=C4O)NC(=O)/C(C)=C\C=C\[C@H](C)[C@H](O)[C@@H](C)[C@@H](O)[C@@H](C)[C@H](OC(C)=O)[C@@H]1C,CO[C@H]1/C=C/O[C@@]2(C)Oc3c(C)c(O)c4c(c3C2=O)C(=O)/C(=C/NN2CCN(C)CC2)C(=C4O)NC(=O)/C(C)=C\C=C\[C@H](C)[C@H](O)[C@@H](C)[C@@H](O)[C@@H](C)[C@H](OC(C)=O)[C@@H]1C,"([], [('C4 alkane', 1, [(29, 30, 31, 32)])])","([], [])"
Cc1c(OCC(F)(F)F)ccnc1CS(=O)c1nc2ccccc2[nH]1,COCCCOc1ccnc(CS(=O)c2nc3ccccc3[nH]2)c1C,"([('Trifluoromethyl', 1, [(6, 5, 7, 8)])], [])","([('Ether', 1, [(1,)])], [('C1 alkane', 1, [(0,)]), ('C2 alkane', 1, [(2, 3)])])"
CCNC(=O)C1CCCN1C(=O)C(CCCN=C(N)N)NC(=O)C(CC(C)C)NC(=O)C(CC(C)C)NC(=O)C(Cc1ccc(O)cc1)NC(=O)C(CO)NC(=O)C(Cc1c[nH]c2ccccc12)NC(=O)C(Cc1cnc[nH]1)NC(=O)C1CCC(=O)N1,CC(C)CC(NC(=O)C(COC(C)(C)C)NC(=O)C(Cc1ccc(O)cc1)NC(=O)C(CO)NC(=O)C(Cc1c[nH]c2ccccc12)NC(=O)C(Cc1cnc[nH]1)NC(=O)C1CCC(=O)N1)C(=O)NC(CCCN=C(N)N)C(=O)N1CCCC1C(=O)NNC(N)=O,"([], [('C2 alkane', 1, [(0, 1)])])","([('Ether', 1, [(10,)]), ('Semicarbazide', 1, [(86, 87, 88, 89, 90)])], [('C1 alkane', 1, [(13,)])])"
CCNC(=O)C1CCCN1C(=O)C(CCCN=C(N)N)NC(=O)C(CC(C)C)NC(=O)C(CC(C)C)NC(=O)C(Cc1ccc(O)cc1)NC(=O)C(CO)NC(=O)C(Cc1c[nH]c2ccccc12)NC(=O)C(Cc1cnc[nH]1)NC(=O)C1CCC(=O)N1,CC(C)C[C@H](NC(=O)[C@@H](Cc1c[nH]c2ccccc12)NC(=O)[C@H](Cc1ccc(O)cc1)NC(=O)[C@H](CO)NC(=O)[C@H](Cc1c[nH]c2ccccc12)NC(=O)[C@H](Cc1cnc[nH]1)NC(=O)[C@@H]1CCC(=O)N1)C(=O)N[C@@H](CCCN=C(N)N)C(=O)N1CCC[C@H]1C(=O)NCC(N)=O,"([], [('C1 alkane', 1, [(0,)]), ('C3 alkane', 1, [(33, 34, 35)])])","([('Amide', 1, [(92, 94, 93)]), ('1H-indole', 1, [(16, 15, 14, 13, 12, 11, 10, 18, 17)])], [])"
O=C1Nc2ccc(Cl)cc2C(c2ccccc2Cl)=NC1O,O=C1Nc2ccc(Cl)cc2C(c2ccccc2)=NC1O,"([('Arylchloride', 1, [(17,)])], [])","([], [])"
CCC(C)C(=O)OC1CC(C)C=C2C=CC(C)C(CCC3CC(O)CC(=O)O3)C21,CCC(C)(C)C(=O)O[C@H]1C[C@@H](C)C=C2C=C[C@H](C)[C@H](CC[C@@H]3C[C@@H](O)CC(=O)O3)[C@H]21,"([], [])","([], [('C1 alkane', 1, [(4,)])])"
CCCc1nc(C(C)(C)O)c(C(=O)OCc2oc(=O)oc2C)n1Cc1ccc(-c2ccccc2-c2nn[nH]n2)cc1.NS(=O)(=O)c1cc2c(cc1Cl)NCNS2(=O)=O,CCCc1nc(C(C)(C)O)c(C(=O)OCc2oc(=O)oc2C)n1Cc1ccc(-c2ccccc2-c2nn[nH]n2)cc1,"([('Amine', 1, [(52,)]), ('Arylchloride', 1, [(51,)]), ('Sulfonamide', 2, [(42, 43, 44, 41), (55, 56, 57, 54)]), ('Benzene', 1, [(45, 46, 47, 48, 49, 50)])], [('C1 alkane', 1, [(53,)])])","([], [])"
Cc1cccc(C)c1NC(=O)C1CCCCN1C,CCCN1CCCCC1C(=O)Nc1c(C)cccc1C,"([], [])","([], [('C2 alkane', 1, [(0, 1)])])"
C[N+]1(C)C2CC(OC(=O)C(CO)c3ccccc3)CC1C1OC12,CN1C2CC(OC(=O)C(CO)c3ccccc3)CC1C1OC12,"([], [('C1 alkane', 1, [(0,)])])","([], [])"
CCC(CO)NC(=O)C1C=C2c3cccc4[nH]cc(c34)CC2N(C)C1,CCC(CO)NC(=O)C1C=C2c3cccc4c3c(cn4C)CC2N(C)C1,"([], [])","([], [('C1 alkane', 1, [(20,)])])"
CC12CCC(=O)C=C1CCC1C2CCC2(C)C1CCC2(C)O,CC(=O)[C@@]1(O)CC[C@H]2[C@@H]3CCC4=CC(=O)CC[C@]4(C)[C@H]3CC[C@@]21C,"([], [])","([('Ketone', 1, [(1, 2)])], [])"
COc1c(N2CC3CCCNC3C2)c(F)cc2c(=O)c(C(=O)O)cn(C3CC3)c12,COc1c(N2CCNC(C)C2)c(F)cc2c(=O)c(C(=O)O)cn(C3CC3)c12,"([('pyrrolidine', 1, [(6, 11, 12, 4, 5)]), ('piperidine', 1, [(7, 6, 11, 10, 9, 8)])], [])","([('piperazine', 1, [(5, 6, 7, 8, 10, 4)])], [('C1 alkane', 1, [(9,)])])"
CN(C)CCc1c[nH]c2ccc(Cn3cncn3)cc12.O=C(O)c1ccccc1,CN(C)CCc1c[nH]c2ccc(Cn3cncn3)cc12,"([('Carboxylic acid', 1, [(21, 20, 22)]), ('Benzene', 1, [(23, 24, 25, 26, 27, 28)])], [])","([], [])"
CC(=O)CC(c1ccccc1)c1c([O-])oc2ccccc2c1=O,CC(=O)C[C@@H](c1ccc([N+](=O)[O-])cc1)c1c([O-])oc2ccccc2c1=O,"([], [])","([('Nitro', 1, [(9, 10, 11)])], [])"
C[C@@H](O[C@H]1OCCN(Cc2nc(=O)n(P(=O)([O-])[O-])[nH]2)[C@H]1c1ccc(F)cc1)c1cc(C(F)(F)F)cc(C(F)(F)F)c1.C[NH2+]C[C@H](O)[C@@H](O)[C@H](O)[C@H](O)CO.C[NH2+]C[C@H](O)[C@@H](O)[C@H](O)[C@H](O)CO,C[C@@H](O[C@H]1OCCN(Cc2nc(=O)n(P(=O)(O)O)[nH]2)[C@H]1c1ccc(F)cc1)c1cc(C(F)(F)F)cc(C(F)(F)F)c1,"([('Ammonium', 2, [(42,), (55,)]), ('1,2-Diol', 8, [(45, 44, 46, 47), (47, 46, 48, 49), (49, 48, 50, 51), (51, 50, 52, 53), (58, 57, 59, 60), (60, 59, 61, 62), (62, 61, 63, 64), (64, 63, 65, 66)])], [('C1 alkane', 4, [(41,), (43,), (54,), (56,)])])","([('Hydroxy', 2, [(16,), (17,)])], [])"
C=C1CCC2(O)C3Cc4ccc(O)c5c4C2(CCN3CC2CC2)C1O5,O=C1CCC2(O)C3Cc4ccc(O)c5c4C2(CCN3CC2CC2)C1O5,"([('Alkene', 1, [(0, 1)])], [])","([('Ketone', 1, [(1, 0)])], [])"
C=CCN1CCC23c4c5ccc(O)c4OC2C(=O)CCC3(O)C1C5,O=C1CCC2(O)C3Cc4ccc(O)c5c4C2(CCN3CC2CC2)C1O5,"([('Alkene', 1, [(0, 1)])], [])","([], [('C3 alkane', 1, [(20, 21, 22)])])"
C=CCN1CCC23c4c5ccc(O)c4OC2C(=O)CCC3(O)C1C5,CN1CCC23c4c5ccc(O)c4OC2C(=O)CCC3(O)C1C5,"([('Alkene', 1, [(0, 1)])], [])","([], [])"
O=C1CCC2(O)C3Cc4ccc(O)c5c4C2(CCN3CC2CC2)C1O5,CN1CCC23c4c5ccc(O)c4OC2C(=O)CCC3(O)C1C5,"([], [('C3 alkane', 1, [(20, 21, 22)])])","([], [])"
NCC1OC(OC2C(CO)OC(OC3C(O)C(N)CC(N)C3OC3OC(CN)C(O)C(O)C3N)C2O)C(N)C(O)C1O,NCC1OC(OC2C(CO)OC(OC3C(O)C(N)CC(N)C3OC3OC(CO)C(O)C(O)C3N)C2O)C(N)C(O)C1O,"([('Amine', 1, [(27,)])], [])","([('Hydroxy', 1, [(27,)])], [])"
COC(=O)C1=C(C)NC(C)=C(C(=O)OC)C1c1ccccc1[N+](=O)[O-],COC(=O)C1=C(C)NC(C)=C(C(=O)OCC(C)C)C1c1ccccc1[N+](=O)[O-],"([], [])","([], [('C3 alkane', 1, [(15, 16, 17)])])"
C#CC1(O)CCC2C3CCC4=CC(=O)CCC4C3CCC21C,C#CC1(O)CCC2C3CCC4=CC(=O)CCC4C3CCC21CC,"([], [])","([], [('C1 alkane', 1, [(22,)])])"
NCCCC[C@@H]1NC(=O)[C@@H](Cc2c[nH]c3ccccc23)NC(=O)[C@H](c2ccccc2)NC(=O)[C@@H]2C[C@@H](OC(=O)NCCN)CN2C(=O)[C@H](Cc2ccccc2)NC(=O)[C@H](Cc2ccc(OCc3ccccc3)cc2)NC1=O,NCCCC[C@@H]1NC(=O)[C@@H](Cc2c[nH]c3ccccc23)NC(=O)C(c2ccccc2)NC(=O)[C@@H]2C[C@@H](OC(=O)NCCN)CN2C(=O)[C@H](Cc2ccccc2)NC(=O)[C@H](Cc2ccc(OCc3ccccc3)cc2)NC1=O.N[C@@H](CC(=O)O)C(=O)O.N[C@@H](CC(=O)O)C(=O)O,"([], [])","([('Amine', 2, [(77,), (86,)]), ('Carboxylic acid', 4, [(80, 81, 82), (83, 84, 85), (89, 90, 91), (92, 93, 94)])], [('C2 alkane', 2, [(78, 79), (87, 88)])])"
OCCN1CCN(CCCN2c3ccccc3Sc3ccc(Cl)cc32)CC1,CN1CCN(CCCN2c3ccccc3Sc3ccc(Cl)cc32)CC1,"([('Hydroxy', 1, [(0,)])], [('C1 alkane', 1, [(1,)])])","([], [])"
CC(=O)OCC(=O)C1(O)CCC2C3CCC4=CC(=O)C=CC4(C)C3C(O)CC21C,CC12C=CC(=O)C=C1CCC1C2C(O)CC2(C)C1CCC2(O)C(=O)COP(=O)(O)O,"([('Carboxylic ester', 1, [(1, 2, 3)])], [('C1 alkane', 2, [(0,), (4,)])])","([('Phosphoric monoester', 1, [(26, 27, 28, 29, 25, 24)])], [])"
CC(=O)OCC(=O)C1(O)CCC2C3CCC4=CC(=O)C=CC4(C)C3C(O)CC21C,CC(=O)OCC(=O)[C@@]1(O)CC[C@H]2[C@@H]3C[C@H](C)C4=CC(=O)C=C[C@]4(C)[C@H]3[C@@H](O)C[C@@]21C,"([], [])","([], [('C1 alkane', 1, [(15,)])])"
CN1CCN(CCCN2c3ccccc3Sc3ccc(Cl)cc32)CC1,CN1CCN(CCCN2c3ccccc3Sc3ccc(C(F)(F)F)cc32)CC1,"([('Arylchloride', 1, [(20,)])], [])","([('Trifluoromethyl', 1, [(21, 20, 22, 23)])], [])"
CC(=O)C1CCC2C3CCC4=CC(=O)CCC4(C)C3CCC12C,CC12CCC(=O)C=C1CCC1C2CCC2(C)C(O)CCC12,"([('Ketone', 1, [(1, 2)])], [('C1 alkane', 1, [(0,)])])","([('Hydroxy', 1, [(17,)])], [])"
CCOC(=O)C(CCc1ccccc1)NC(C)C(=O)N1C(C(=O)O)CC2CCCC21,CCOC(=O)C(CCc1ccccc1)NC(C)C(=O)N1C(C(=O)O)CC2CCCCC21,"([('azocane', 1, [(26, 25, 24, 20, 19, 29, 28, 27)])], [])","([('azonane', 1, [(26, 27, 28, 29, 30, 19, 20, 24, 25)])], [])"
COC(=O)C1C2CC3c4[nH]c5cc(OC)ccc5c4CCN3CC2CC(OC(=O)C=Cc2cc(OC)c(OC)c(OC)c2)C1OC,COC(=O)C1C2CC3c4[nH]c5cc(OC)ccc5c4CCN3CC2CC(OC(=O)c2cc(OC)c(OC)c(OC)c2)C1OC,"([('Alkene', 1, [(29, 30)])], [])","([], [])"
CN1C(=O)C(O)N=C(c2ccccc2Cl)c2cc(Cl)ccc21,CN1C(=O)C(O)N=C(c2ccccc2)c2cc(Cl)ccc21,"([('Arylchloride', 1, [(14,)])], [])","([], [])"
CC[C@]1(O)C[C@@H]2CN(CCc3c([nH]c4ccccc34)[C@@](C(=O)OC)(c3cc4c(cc3OC)N(C)[C@H]3[C@@](O)(C(=O)OC)[C@H](OC(C)=O)[C@]5(CC)C=CCN6CC[C@]43[C@@H]65)C2)C1,CC[C@]1(O)C[C@H]2CN(CCc3c([nH]c4ccccc34)[C@@](C(=O)OC)(c3cc4c(cc3OC)N(C=O)[C@H]3[C@@](O)(C(=O)OC)[C@H](OC(C)=O)[C@]5(CC)C=CCN6CC[C@]43[C@@H]65)C2)C1,"([], [])","([('Amide', 1, [(33, 34, 32)])], [])"
CC(=O)O.CC(=O)O.CC(O)C1NC(=O)C(CCCCN)NC(=O)C(Cc2c[nH]c3ccccc23)NC(=O)C(Cc2ccccc2)NC(=O)C(NC(=O)C(N)Cc2ccccc2)CSSCC(C(=O)N[C@H](CO)[C@@H](C)O)NC1=O,CC(=O)O.CC(C)C1NC(=O)C(CCCCN)NC(=O)C(Cc2c[nH]c3ccccc23)NC(=O)C(Cc2ccc(O)cc2)NC(=O)C(NC(=O)C(N)Cc2ccc3ccccc3c2)CSSCC(C(=O)NC(C(N)=O)C(C)O)NC1=O,"([('Hydroxy', 2, [(10,), (72,)]), ('Carboxylic acid', 1, [(1, 2, 3)])], [('C1 alkane', 1, [(0,)])])","([('Amide', 1, [(72, 74, 73)]), ('Phenol', 1, [(40,)]), ('Benzene', 1, [(56, 57, 58, 59, 60, 61)])], [('C1 alkane', 1, [(6,)])])"
C=CCC1C=C(C)CC(C)CC(OC)C2OC(O)(C(=O)C(=O)N3CCCCC3C(=O)OC(C(C)=CC3CCC(O)C(OC)C3)C(C)C(O)CC1=O)C(C)CC2OC,CC[C@@H]1C=C(C)C[C@H](C)C[C@H](OC)[C@H]2O[C@@](O)(C(=O)C(=O)N3CCCC[C@H]3C(=O)O[C@H](C(C)=C[C@@H]3CC[C@H](Cl)[C@H](OC)C3)[C@H](C)[C@@H](O)CC1=O)[C@H](C)C[C@@H]2OC,"([('Alkene', 1, [(0, 1)]), ('Hydroxy', 1, [(39,)])], [])","([('Chloride', 1, [(38,)])], [('C1 alkane', 1, [(0,)])])"
CCC(=C(c1ccccc1)c1ccc(OCCN(C)C)cc1)c1ccccc1,CN(C)CCOc1ccc(C(=C(CCCl)c2ccccc2)c2ccccc2)cc1,"([], [])","([('Chloride', 1, [(14,)])], [])"
CCCCCCC(=O)OC1CCC2C3CCC4=CC(=O)CCC4(C)C3CCC12C,CCC(=O)OC1CCC2C3CCC4=CC(=O)CCC4(C)C3CCC12C,"([], [('C4 alkane', 1, [(0, 1, 2, 3)])])","([], [])"
CCCCCCC(=O)OC1CCC2C3CCC4=CC(=O)CCC4(C)C3CCC12C,CCCCCCCCCCC(=O)O[C@H]1CC[C@H]2[C@@H]3CCC4=CC(=O)CC[C@]4(C)[C@H]3CC[C@]12C,"([], [])","([], [('C4 alkane', 1, [(0, 1, 2, 3)])])"
CCC(=O)OC1CCC2C3CCC4=CC(=O)CCC4(C)C3CCC12C,CCCCCCCCCCC(=O)O[C@H]1CC[C@H]2[C@@H]3CCC4=CC(=O)CC[C@]4(C)[C@H]3CC[C@]12C,"([], [])","([], [('C8 alkane', 1, [(0, 1, 2, 3, 4, 5, 6, 7)])])"
CCC(C)C1NC(=O)C(Cc2ccc(O)cc2)NC(=O)C(N)CSSCC(C(=O)N2CCCC2C(=O)NC(CC(C)C)C(=O)NCC(N)=O)NC(=O)C(CC(N)=O)NC(=O)C(C(C)O)NC1=O,CCC(C)C1NC(=O)C(Cc2ccc(O)cc2)NC(=O)C(N)CSSCC(C(=O)N2CCCC2C(=O)NC(CC(C)C)C(=O)NCC(N)=O)NC(=O)C(CC(N)=O)NC(=O)C(CCC(N)=O)NC1=O,"([('Hydroxy', 1, [(63,)])], [])","([('Amide', 1, [(63, 65, 64)])], [])"
CC(NC(CCc1ccccc1)C(=O)O)C(=O)N1C(C(=O)O)CC2CCCCC21,CCC[C@H](N[C@@H](C)C(=O)N1[C@H](C(=O)O)C[C@@H]2CCCC[C@@H]21)C(=O)O,"([('Benzene', 1, [(6, 7, 8, 9, 10, 11)])], [])","([], [('C1 alkane', 1, [(0,)])])"
CC(NC(CCc1ccccc1)C(=O)O)C(=O)N1C(C(=O)O)CC2CCCCC21,C[C@H](N[C@@H](CCc1ccccc1)C(=O)O)C(=O)N1[C@H](C(=O)O)C[C@@H]2CCC[C@@H]21,"([('azonane', 1, [(24, 25, 26, 27, 28, 17, 18, 22, 23)])], [])","([('azocane', 1, [(24, 23, 22, 18, 17, 27, 26, 25)])], [])"
COc1cc2c(cc1OC)[C@@H](Cc1cc(OC)c(OC)c(OC)c1)[N+](C)(CCCOC(=O)CCC=CCCC(=O)OCCC[N+]1(C)CCc3cc(OC)c(OC)cc3[C@H]1Cc1cc(OC)c(OC)c(OC)c1)CC2,COc1ccc(CC2c3cc(OC)c(OC)cc3CC[N+]2(C)CCC(=O)OCCCCCOC(=O)CC[N+]2(C)CCc3cc(OC)c(OC)cc3C2Cc2ccc(OC)c(OC)c2)cc1OC,"([('Alkene', 1, [(34, 35)]), ('Ether', 2, [(15,), (69,)])], [('C1 alkane', 3, [(16,), (36,), (70,)])])","([], [])"
COc1ccc(CC2c3cc(OC)c(OC)cc3CC[N+]2(C)CCC(=O)OCCCCCOC(=O)CC[N+]2(C)CCc3cc(OC)c(OC)cc3C2Cc2ccc(OC)c(OC)c2)cc1OC,COc1ccc(CC2c3cc(OC)c(OC)cc3CC[N+]2(C)CCC(=O)OCCCCCOC(=O)CC[N+]2(C)CCc3cc(OC)c(OC)cc3C2Cc2ccc(OC)c(OC)c2)cc1OC.O=S(=O)([O-])c1ccccc1.O=S(=O)([O-])c1ccccc1,"([], [])","([('Sulfonic acid', 2, [(68, 67, 69, 70), (78, 77, 79, 80)]), ('Benzene', 2, [(71, 72, 73, 74, 75, 76), (81, 82, 83, 84, 85, 86)])], [])"
CCC[C@H](N[C@@H](C)C(=O)N1[C@H](C(=O)O)C[C@@H]2CCCC[C@@H]21)C(=O)O,C[C@H](N[C@@H](CCc1ccccc1)C(=O)O)C(=O)N1[C@H](C(=O)O)C[C@@H]2CCC[C@@H]21,"([('azonane', 1, [(16, 17, 18, 19, 20, 9, 10, 14, 15)])], [('C1 alkane', 1, [(0,)])])","([('Benzene', 1, [(6, 7, 8, 9, 10, 11)]), ('azocane', 1, [(24, 23, 22, 18, 17, 27, 26, 25)])], [])"
O=C(c1ccccc1)c1ccc2n1CCC2C(=O)O,NC(CO)(CO)CO.O=C(c1ccccc1)c1ccc2n1CCC2C(=O)O,"([], [])","([('Hydroxy', 3, [(3,), (5,), (7,)]), ('Amine', 1, [(0,)])], [('C4 alkane', 1, [(1, 2, 4, 6)])])"
